0.37162,0.10343
-0.54583,0.81112
0.013647,0.71136
-0.9532,1.0184
-0.80995,0.84675
-1.9117,0.022624
-1.9152,0.22452
-1.6362,-0.023516
0.15852,-0.0092731
-1.008,0.85172
-0.8007,1.0275
-0.34501,0.67873
0.11657,0.6377
-0.67098,0.94283
-0.88821,0.83972
-1.3896,0.49098
-0.15874,0.91939
-0.80763,0.81397
-0.96178,0.74076
-1.1864,0.68803
-0.01236,0.16742
-2.2713,0.20838
-0.0088135,0.31178
-0.67802,0.76263
-1.6738,0.48683
-0.27507,0.97078
-0.17442,0.75963
-0.79107,0.70316
-0.5592,0.80916
-1.0685,0.91192
0.13884,0.43648
-1.6494,0.32053
0.35614,-0.40941
-1.7014,0.48481
0.25827,-0.060618
0.21906,0.59803
-1.8791,0.12009
-1.1821,0.80027
-0.79683,0.47702
-0.48186,0.84207
-0.01653,0.60376
-0.98996,0.55255
-0.73647,0.99616
-1.4711,0.17346
-1.0078,0.82133
0.096288,0.22299
-0.37086,0.68357
-1.4219,0.21599
-1.3797,0.59757
-1.0011,0.82302
-0.067415,-0.21948
0.2921,0.29438
0.45635,0.059097
-1.549,0.059277
-1.5216,0.20921
-1.4237,0.043929
-1.4482,0.65003
-0.55732,0.9658
0.096878,0.361
0.3196,-0.33306
-1.7391,0.34553
-1.4099,0.66339
-0.65289,0.80914
-1.4452,-0.015001
-0.25663,0.82445
-1.4362,0.68066
0.54791,0.21429
-1.018,0.62919
0.003725,0.37887
-1.6949,0.15397
-1.0046,0.89014
-1.8647,0.46618
-1.9516,0.03816
0.17107,0.57149
-0.77268,1.025
0.1292,0.85942
-1.5021,0.33655
-0.024958,0.42262
0.29674,-0.015615
-0.032089,0.83023
-1.4701,0.13094
-0.18268,0.77297
-1.5371,-0.46747
-0.758,0.85287
0.22056,-0.070668
-0.33279,0.92817
0.49064,0.075973
0.36455,0.2296
-0.10316,0.84916
-0.11822,0.35633
-1.6507,-0.070174
-0.98907,0.58418
-0.8085,0.96915
0.25392,0.42699
0.12772,0.69764
-1.357,0.1119
-1.5476,0.30348
0.043957,0.38926
-0.31317,0.7096
-1.1733,0.90093
-1.3648,0.25067
-0.55644,0.58974
-0.26181,0.95431
0.24498,-0.40735
-0.26373,0.1752
-0.76483,0.65971
-1.5332,0.10797
-1.7246,-0.10629
0.17889,0.24254
0.029533,0.31043
-0.068404,0.59459
0.091193,0.27052
-1.788,0.071289
-0.030846,-0.095579
-0.41457,0.94768
-1.224,0.84257
-1.7686,0.30733
-0.61568,1.1005
-0.1819,0.88568
0.10439,0.55113
0.25814,0.25254
0.047574,0.20562
-0.52723,0.63189
-0.73028,1.0119
0.40077,0.024937
-0.9389,0.75153
-1.4936,0.20101
-1.2437,0.91251
0.030574,0.34589
-0.033963,0.36222
0.19674,0.5488
0.26164,0.25265
-1.0868,0.82039
-0.94282,0.14669
-0.70959,0.88801
-1.182,0.45268
0.19967,0.26731
0.43676,-0.20378
-1.5313,0.325
-1.7273,0.60456
-0.34616,1.0551
0.32061,0.33054
-1.0101,0.50638
-1.0642,0.52247
-0.41523,0.7572
-0.39315,0.94588
-0.91838,0.91561
0.12236,0.55132
-1.4976,0.59944
-1.3877,-0.23555
-0.55195,0.89589
-0.50236,0.84856
-0.94729,0.90099
-0.19676,1.0784
-0.057839,0.41133
-0.44714,0.65075
0.46973,0.065732
0.34603,0.47379
-1.4189,0.56282
-0.77004,0.88815
0.21363,0.76663
-0.99591,0.53754
-0.14399,0.57976
-0.14515,-0.033449
0.22554,0.51655
0.15207,0.19065
0.16499,0.25556
-1.4827,0.49627
-0.59939,0.99343
-1.3636,0.27004
-2.0737,-0.24962
-0.89633,0.87065
0.22613,0.20505
-0.43162,0.6427
-1.673,0.14457
-1.4419,0.40464
-1.6462,0.38292
-1.4846,0.20623
-1.4216,0.71786
-0.00012061,0.39303
-0.70896,0.79156
-1.487,0.31709
-0.52543,1.1722
-0.55548,0.62263
-1.5682,0.11927
0.21047,-0.2983
-0.86715,0.76978
-1.0575,0.84234
-0.18459,0.23467
0.0019655,0.51169
-0.37648,0.42396
0.21018,0.36613
-0.86559,0.60514
-1.257,0.50829
-0.66432,0.55219
0.47855,-0.10334
-0.42325,0.92214
-1.2998,0.34603
-0.09865,0.3748
-1.7833,0.14213
-1.0274,0.8655
-1.5583,-0.042731
-1.129,0.88413
-0.1392,0.87233
0.33404,-0.014902
0.071623,0.68286
-1.6178,0.31286
0.28095,-0.5169
-1.0894,0.90104
-1.1065,0.37964
0.27827,0.052699
0.18936,0.22057
0.28592,0.072767
-1.4681,0.014265
-0.19488,0.36588
-0.42512,0.60239
0.058788,0.39187
-1.9466,-0.069613
-0.62721,0.68735
0.15622,0.29189
-1.5651,0.31684
-1.2417,0.36029
-1.2562,0.90415
-1.4867,0.61222
0.16159,0.73649
-1.391,0.055967
0.17254,0.17359
-0.36088,1.0358
-1.3224,0.82265
-1.5257,0.7637
-1.0929,1.0246
-1.6946,0.44791
-1.1888,0.74888
-1.5815,-0.029245
0.47945,0.10314
-1.9224,0.79777
0.40599,0.26304
-1.7432,0.73658
-0.4557,0.88884
-1.4019,0.60625
-0.46331,0.82734
-0.99144,0.87726
-1.4106,-0.17655
-0.61028,0.92621
0.23828,0.34769
-1.3173,0.39567
-0.076476,0.66843
0.37388,0.27581
0.29507,0.40887
-0.98691,0.8734
-1.5401,-0.19462
-1.6476,0.36164
-1.6159,0.22568
-0.23907,0.18936
-1.0643,0.43635
0.43836,-0.51894
0.4944,0.22782
-1.4286,0.54285
-0.11416,0.5663
-1.5837,-0.052759
-1.5595,0.032477
0.47285,0.39439
-0.36204,0.70227
-0.46623,0.93635
-0.055338,0.29147
-0.10447,0.87428
0.4507,0.041007
0.15603,0.20901
-1.205,0.5511
0.35605,0.40918
-0.71175,0.91491
-1.2794,0.65584
-0.22776,0.79884
0.071569,0.67574
-1.4763,0.45964
-0.58099,1.056
-0.28466,0.64505
-0.88394,0.8436
-1.126,0.68755
-2.1407,0.11118
-1.4092,0.63113
-0.040266,0.35416
0.44312,0.003068
0.38898,-0.097304
-1.4466,0.2194
-1.3867,0.41463
-0.5631,0.97097
-1.1055,0.7338
-0.03921,0.8517
-0.13307,0.47315
-1.0708,0.97237
-0.83959,0.7655
-1.7723,0.30777
-1.4089,0.38408
0.28858,0.22765
-1.7066,0.072966
-0.022342,0.53134
-0.77543,1.0055
0.34516,0.26455
-0.54438,0.90257
-1.507,0.046484
-0.17267,0.55019
-0.93022,0.82965
-1.6147,0.15023
0.38878,0.01963
-1.7404,0.40509
-0.46647,0.38863
-0.57412,1.0196
-0.72621,0.85462
-1.4928,-0.016089
0.14328,0.3427
-0.97129,0.6589
-0.6466,0.94596
-1.5993,0.15496
-0.889,0.97572
-0.34701,0.92092
-0.0365,0.3364
0.18087,0.35404
-0.03255,0.74598
-0.18908,0.79438
-0.056967,0.92074
-1.3855,0.21408
0.018003,0.3121
-1.7159,0.13556
0.49912,-0.050954
-0.013638,0.29626
-1.4258,0.39232
-1.6409,-0.10015
-0.091413,0.62251
-0.73956,0.87077
0.045483,0.53943
-1.0691,0.79254
-0.62006,0.97059
-1.7036,0.36732
-0.53715,0.92486
-1.3827,0.35286
-1.6948,0.063202
-1.1628,0.41885
0.48022,-0.18666
0.12688,0.42036
0.26599,-0.23694
-1.5934,0.45907
-1.3939,0.26684
-1.1231,1.0163
-1.7255,0.58446
-1.6762,0.074955
0.33901,0.058316
-0.29931,0.72842
-1.5355,0.50056
-0.84658,0.69282
0.24233,-0.71453
-1.3402,0.74815
-0.22319,0.52912
0.14232,0.34823
-1.3884,0.66243
0.44617,0.26245
0.21951,0.79179
-1.3141,0.24564
-1.8248,-0.010019
0.20431,0.18222
-0.38975,0.97547
-0.41418,0.50732
0.28993,0.12776
-0.90371,0.99662
-1.6123,0.35176
0.31437,0.12672
-0.91493,0.19045
0.24937,-0.1792
0.26365,0.19444
-1.7309,0.40296
-1.664,0.875
-1.2229,0.61329
-0.8406,0.72753
-1.2011,0.74273
-2.1905,-0.10504
0.22847,-0.099251
-0.67516,1.0222
-0.63765,0.88722
-1.6798,0.081301
-1.1238,0.75676
0.022966,0.38818
-1.1497,0.53379
-0.746,0.77895
-0.23969,0.91513
-1.2366,0.68802
0.4927,0.36116
0.45872,0.3923
0.035848,0.57361
-0.84698,0.55582
-1.2203,0.16145
-1.4573,0.45941
-1.5105,0.26472
0.068524,0.69918
-0.15009,0.58674
-0.11059,0.67672
0.49329,-0.072788
-0.25274,0.75901
-1.781,0.17439
-0.6123,0.80166
-1.6374,0.38003
-0.97027,0.98154
-0.9166,0.93458
0.31831,0.37441
-0.84985,0.014246
-1.8326,0.29886
-0.67404,0.85154
-1.2417,0.51711
-0.2976,0.89037
-1.3947,0.60315
-1.0391,0.69566
-0.99966,0.78775
-0.53729,0.76923
-1.1658,0.55398
-1.4647,-0.10847
-0.70596,0.83268
-1.1684,0.71381
-1.6003,-0.14428
0.39036,-0.14252
0.02837,-0.04649
-1.6334,0.74058
-1.2804,0.67988
0.24592,-0.61569
-0.53434,1.1105
-0.64947,0.96795
0.23227,-0.070447
-0.21201,0.68621
-1.5724,-0.2058
-1.2742,0.51086
-0.78974,0.95175
0.46611,0.20675
-0.4603,0.67177
-0.27001,0.34001
-0.94359,0.72372
0.4645,0.339
-0.058502,0.82366
-1.5916,0.21599
0.22808,0.10304
-1.1517,0.87052
-1.7159,0.25235
-1.7206,0.56521
0.24762,0.61538
-1.6328,-0.19358
-1.5711,0.19039
0.43302,0.11741
-1.3755,0.23647
-1.3396,0.19625
0.2567,-0.0010674
-1.6864,-0.12422
-0.82487,0.6136
-0.48973,0.26769
-1.5611,0.38366
-1.472,-0.20782
-0.81938,0.65401
0.079463,0.68528
0.30287,0.12526
-0.53257,0.67889
-1.6806,-0.091854
-1.6427,-0.22837
-0.78239,0.68293
-1.3944,0.55812
-1.3646,-0.49446
-0.94859,0.83789
0.44286,0.16123
-0.45175,-0.090637
-1.6738,0.39422
-1.636,-0.32069
-1.9879,0.12276
0.26197,0.25193
-0.12114,-0.16599
0.29445,-0.55175
-1.5055,0.32933
-1.5742,0.24352
0.2662,0.16722
-1.4587,0.53326
-1.8548,0.37661
0.35572,0.59792
-0.98162,0.78686
0.01673,0.58359
-1.1439,0.86818
-1.8979,0.090491
-1.024,0.87465
-1.6303,0.62978
-1.5217,0.68691
-0.76581,1.0318
-0.55438,0.17848
0.1642,0.09598
-0.1875,0.61706
0.52726,0.0833
-0.48065,0.46978
0.082932,0.40983
0.49255,0.1855
-1.2903,0.69308
-0.22885,0.80799
0.2916,0.054071
-1.5907,-0.070937
0.092664,0.47905
-1.0677,0.71984
-1.3387,0.56826
-1.6016,-0.13396
-0.0058183,-0.53135
0.17979,0.38941
-0.59295,1.0658
0.1395,0.52828
-0.81719,0.60139
-1.6527,0.12984
0.20752,0.49359
0.016244,-0.41073
0.25872,0.62251
-1.2826,0.71459
-1.0484,0.94716
-0.94437,0.4485
-0.44629,0.90304
-0.84976,0.50498
-1.1896,0.65726
-0.98512,0.51765
-0.19061,0.74504
-0.26151,0.64512
-0.27038,0.72565
-1.8292,0.39294
-1.5934,-0.00954
-0.50492,0.48071
0.16504,0.52657
-1.6062,0.3886
-0.10349,0.77891
-1.3673,0.58633
-1.5994,0.0079238
-0.013695,0.89751
-0.25563,0.792
-0.11725,0.6129
0.46333,0.14613
-1.4409,0.58087
-0.83551,0.84009
-0.051877,0.74166
-2.1846,0.49866
0.47497,-0.21796
-0.080395,0.46238
-1.5106,0.60448
-1.8425,-0.036775
-0.3858,0.97071
-0.085986,0.61758
-1.3749,1.0141
-0.97295,0.60387
-1.4604,0.66493
-0.57315,1.0142
-0.79094,1.0495
-2.1908,0.058631
-1.4027,0.49509
0.20538,0.49947
0.41886,-0.024397
-1.7512,-0.056466
0.0074288,0.85336
-0.20596,0.95288
0.27227,-0.21269
0.1409,0.45153
-1.5505,0.77408
-0.43099,0.62062
-0.55726,0.79666
-0.55586,0.80869
-1.6619,0.10506
-1.0146,0.84113
0.47749,-0.088173
-0.69496,0.7045
0.014038,0.43588
-0.91783,0.84051
0.27914,0.67382
0.57306,-0.1796
-1.6912,0.19202
-1.5914,0.051463
-0.79403,0.93491
-0.58625,0.96761
-1.4254,0.058109
0.19367,0.40352
-1.5639,0.033421
-1.727,0.091865
0.3044,0.41153
-0.69045,1.0693
-1.5728,-0.21143
-1.4934,0.65487
-1.2253,0.79028
-1.7394,0.37794
-1.3193,0.31562
-1.0238,0.83663
0.28318,0.12677
-1.2449,0.58676
-0.13723,0.52892
0.022272,0.19681
-0.90612,0.70696
0.13435,0.81921
0.087831,0.2817
0.12953,0.67834
-0.86462,0.84478
0.60192,0.27529
-1.3488,0.090675
-1.683,0.13311
-0.29612,0.46815
-1.2652,0.57185
-1.7139,0.20135
-1.5322,0.36854
-0.51543,0.97417
0.37127,0.52213
-0.27307,0.66093
-1.4304,0.36924
0.0063675,0.58886
0.34558,-0.23418
-1.1759,0.36207
-0.41788,0.77968
-1.3528,0.87467
-0.25257,0.92429
0.03933,0.41161
0.0005122,0.692
0.018913,0.049926
-1.2045,0.58222
-0.53445,0.56933
-0.84315,0.67037
0.39119,0.08385
-0.73746,0.87454
-1.0896,0.65616
-1.5579,-0.033391
-0.081647,0.63578
-0.43481,0.63656
0.31117,0.23528
-0.86131,0.97256
0.49636,0.23414
-0.67069,0.36125
-0.85675,0.92537
-1.407,0.69741
0.32612,0.74554
-0.10698,0.15371
0.0022274,0.032164
-1.1947,0.47318
0.29443,0.11353
-1.3094,0.83603
-0.095924,0.6463
-0.78664,0.58621
0.14915,0.35505
-0.62769,0.99621
0.12178,0.25897
-1.576,0.38962
-1.6452,0.23606
-0.15601,0.72152
-1.5991,0.42307
0.18138,0.19259
0.1044,0.80314
-1.1634,0.65213
-0.16117,0.95573
-0.96114,0.92597
-0.16066,-0.071549
-1.1667,0.96694
-0.60177,0.83951
-0.31487,0.6332
-0.27343,0.6331
-1.8477,0.3718
-0.0045949,0.2026
-0.23641,0.24091
-1.5564,0.14461
-0.88447,0.80291
-1.7155,0.41628
-1.2782,0.073497
-1.5867,0.051782
0.40197,-0.063254
-1.2796,0.39745
-0.44918,0.8523
-0.5301,0.64271
-1.731,-0.19879
-0.73568,0.52405
0.23852,0.67047
-0.55452,0.8789
-1.8138,-0.11499
-1.5686,0.29697
-0.94631,0.97308
0.14072,-0.055418
-0.39073,0.91141
-0.69689,0.23005
-0.29561,0.27648
-0.76673,0.48763
-0.91291,0.48114
-0.58748,0.76331
0.4715,-0.29462
-1.3342,0.35772
-0.83719,0.57416
-0.86989,0.93979
-2.058,-0.95304
0.12015,0.56851
-1.3741,0.96877
-1.1892,0.31354
0.19504,-0.11907
-0.88084,0.99996
0.47119,0.31563
0.35182,-0.027303
-0.60637,0.7904
-1.4851,0.64777
-1.1176,0.42574
-0.77697,0.93472
0.17718,-0.28605
-1.2919,0.59594
-0.12569,0.51748
-1.2986,0.56431
0.12304,0.029354
0.26535,0.36807
-0.098841,0.72963
-0.098118,0.9369
-1.4882,-0.078785
-0.99656,0.51076
-1.3913,0.68368
0.19878,-0.011372
-1.2285,0.41732
-1.3399,-0.32754
-0.93241,0.93797
0.31237,0.55787
-1.5384,0.39797
-0.092118,0.68576
0.16409,0.31987
-1.316,0.67443
-0.89545,0.84875
0.094855,0.39906
-0.5936,0.95666
-1.1286,0.84576
-1.4706,0.29545
-0.27344,0.54057
-1.5551,0.3094
-0.34804,0.77839
-0.43204,0.75
-1.3511,0.15618
-0.016047,0.70765
0.53229,0.027533
-1.3882,0.67922
-0.98966,0.77866
-0.79367,0.37329
-0.39728,0.6468
-0.79944,0.58387
0.243,0.58726
-1.2449,0.28331
-1.4682,0.24543
-0.20086,0.59679
0.32232,0.41822
0.57411,0.083378
0.11819,-0.10212
-0.99788,0.87373
0.043372,0.047498
0.076425,0.30912
-1.3646,0.9135
-0.51428,1.0058
-1.0631,0.87964
0.39425,0.19192
-0.99504,0.68087
-1.2677,0.048638
0.35073,0.29484
-0.9934,0.81597
-0.31566,0.64438
-1.4943,-0.11968
-1.4368,0.3545
-0.39126,0.75766
-2.1656,-0.15216
-0.12061,0.63008
-1.8907,0.33811
-0.33139,0.48843
-0.83041,0.73623
-0.71321,0.76029
-0.43413,0.86822
0.39012,-0.0084155
-0.80993,0.99751
-1.3691,0.48848
-0.64132,1.0992
-0.32145,0.089808
0.04541,0.36703
-0.17581,0.59753
0.22548,0.11254
-0.96348,0.33368
-1.3641,0.14075
-0.59983,0.94035
-1.4079,0.31077
-0.29164,0.94729
0.052467,0.72035
-1.5118,0.40073
-1.5493,0.1333
-0.54929,0.48632
-1.4692,0.013107
-0.47303,0.57408
-0.94443,0.79972
-0.80698,0.64747
-1.6881,0.14857
-1.3951,0.6205
-1.5485,0.14289
-1.4868,0.23825
-0.80319,0.9984
0.20134,-0.12256
-0.61026,0.64485
-0.80166,0.48369
-0.30724,0.5042
-1.4903,0.013918
-1.3394,0.32013
-0.59636,1.0311
-1.4458,0.53723
0.19147,0.49869
-1.5521,0.2723
-1.5166,0.27982
-0.25176,0.94032
0.14864,0.64486
-1.4201,0.0071572
-0.036129,0.70339
-0.68186,0.76996
-0.62221,0.91649
-1.2368,0.4196
0.26082,0.2309
-1.4366,0.32972
-0.020924,0.80233
-0.29707,0.94309
0.59805,-0.21956
-1.4445,0.10083
-0.75768,0.87478
0.3245,0.32798
-1.3756,0.44679
0.19819,-0.0039142
-1.6572,0.29447
0.16777,0.30863
0.18936,0.21096
-0.36012,0.84305
-0.91297,-0.043701
-1.0757,0.60307
-1.3606,0.48817
0.26994,0.32145
-1.8708,0.16068
-0.67219,0.90356
-0.63563,0.95238
-1.6366,-0.13166
-1.6721,-0.14775
-0.59984,0.72217
-1.3577,0.53509
0.26329,-0.13421
-1.4015,0.39247
-0.07415,0.69739
-1.038,0.61016
-0.94301,0.70369
-1.6946,0.35309
0.22852,-0.41467
-0.71389,0.91528
-0.90419,0.73488
-1.4607,-0.12067
-1.4194,0.56051
-1.8779,0.013851
-1.2708,0.87025
-0.40315,0.70351
-0.056801,0.53197
-0.64595,0.77355
-1.4114,0.53745
-1.3547,0.40005
-0.75783,0.89651
-1.2289,0.33619
0.054706,0.65732
-1.196,0.68156
0.36752,0.17922
0.13656,0.56927
0.46973,0.087435
0.35416,0.2778
-1.7699,0.19065
-0.27879,0.52381
0.33266,0.01519
0.3968,-0.28108
-0.38207,0.60657
-0.4553,0.5956
-0.94484,0.94334
-1.5897,0.084152
0.21261,0.59215
-0.02109,-0.24221
-1.9061,0.073999
-1.4216,0.218
0.38315,0.12114
-1.3721,-0.23552
-0.13757,0.99298
-0.85761,0.94755
-0.88376,0.6544
-1.7273,0.34725
0.44395,-0.39721
-0.13391,0.609
0.2325,0.39855
-0.87793,0.81862
0.0041746,0.71654
-1.4505,0.72354
0.15444,0.28823
0.22053,0.21596
-1.3217,0.19343
-1.575,0.40848
0.0034586,0.73195
-0.9903,0.80652
0.043092,0.51253
-1.9877,0.4074
-1.7155,0.13511
-1.3406,0.80706
-0.26617,0.9038
0.065712,0.5142
-1.4339,0.72661
-1.9282,-0.0082391
-0.50675,0.4897
0.2968,0.38712
-1.447,0.38595
0.15153,0.25455
-1.092,0.75646
-1.5837,0.38114
-1.6523,0.66453
-0.48829,0.59519
0.0891,0.18389
-0.18016,0.51239
-0.054792,-0.29736
-0.67244,0.94164
0.073928,0.33556
-0.092724,0.47456
-0.18334,0.78518
-1.431,0.27059
0.33369,0.10446
-1.3016,0.68955
-1.0543,0.50985
-1.3691,0.078559
0.56181,0.094572
-1.2211,0.72435
-0.45381,0.98632
-0.63962,0.51934
0.050567,0.79762
-0.5289,0.8546
0.13479,0.17512
-0.96972,1.0721
0.38052,-0.042821
-0.08978,0.93225
0.2038,0.35161
-1.8817,0.52884
-0.10149,0.58888
-0.076638,0.65404
-1.6539,0.68951
0.076717,0.55661
-1.3043,0.69925
0.43607,-0.3706
-1.6732,-0.49926
-0.70935,1.0159
0.033179,0.77323
-1.6692,0.1194
0.49926,0.0047032
-1.8494,0.072972
-0.93991,0.52754
-0.35622,0.90558
0.25714,0.050706
-0.76153,0.98453
-1.1577,0.58478
-1.1849,0.4622
-0.0079865,0.5544
-1.6668,0.44558
-0.83532,0.85324
0.42749,0.080596
-1.4204,0.071295
-1.106,0.85032
-1.3873,-0.04277
-0.92151,0.51989
-1.2076,0.65282
-1.0232,0.91851
0.458,0.43678
-1.5978,0.63787
-0.2826,1.0878
-0.61283,0.8672
-1.1346,0.8796
-0.47769,0.93608
-1.091,0.76898
-0.069016,-0.43329
-1.1132,1.0056
0.45583,0.37924
-0.19292,0.84713
-1.0863,0.44833
-0.079373,0.51135
-1.3595,0.5897
-1.5726,0.45008
-1.6841,-0.02677
-0.63971,0.89611
-1.6809,0.034832
-1.3198,0.54621
-0.066438,0.53292
-1.4896,0.42072
-1.4652,0.80829
-1.3108,0.58118
0.16038,0.68652
-0.99142,0.83885
-0.45602,0.63954
-0.096016,0.15345
-1.2589,0.67938
-0.76324,0.77575
-1.476,0.43943
-1.1353,0.64583
-0.6945,0.68761
-1.6938,0.19495
-0.91023,1.0081
-0.65227,1.0675
-0.26794,0.39745
-1.2934,0.35749
-1.3841,0.68734
-1.7574,-0.18404
-1.4479,-0.078895
-1.2924,0.45944
-0.20879,0.84339
-1.7087,-0.035106
-0.21706,0.86643
0.55808,0.22813
-1.3993,0.59053
-0.82184,0.91344
-1.0482,0.40214
-0.59517,0.75006
-0.48566,0.86873
-0.21241,0.69867
-1.5666,0.27142
-1.0795,0.56386
-1.7758,0.034914
-0.18392,0.76854
-1.5572,0.37448
-1.3332,0.18478
-0.66523,1.0388
0.51141,0.25335
0.24695,0.45188
-0.16447,0.44396
-1.236,0.89916
-1.6674,0.54689
-0.36249,0.94881
-0.85037,0.68624
-1.0258,0.47606
-0.31902,0.71602
-0.33113,0.89454
-0.053349,0.58012
-1.0254,0.78413
0.17453,0.56657
-1.5544,0.0088096
-0.70426,0.93226
-0.67938,0.71613
-1.0333,0.96736
-1.1974,0.68405
-1.5481,0.32072
0.4493,0.05989
-1.3357,0.44682
0.37936,0.23287
0.34706,0.26138
-1.6214,-0.13196
-0.4757,0.76316
-1.3989,0.5606
-1.5461,-0.068823
-1.6995,0.21871
0.30413,-0.01783
-1.0225,0.68435
-0.062173,1.003
-0.29825,0.61821
-0.96362,0.87846
-1.6679,-0.24666
0.37585,0.13172
-0.092208,0.45961
0.36658,0.52628
-1.8676,0.67449
-0.25038,0.32698
-1.0118,0.73196
-1.1189,0.92779
-1.4617,-0.58133
-1.5038,0.38425
-1.5329,-0.094788
0.23518,0.2187
-0.63134,0.69913
-1.898,0.096177
-1.1955,0.74775
-1.2752,0.38498
-0.37567,1.0366
-1.6783,0.149
-1.3393,0.091617
-0.44017,1.0206
-1.6048,0.012178
-0.77718,0.99213
0.18287,0.21337
0.072023,0.2718
-0.66578,0.86928
-0.80626,0.83904
-0.55786,0.97295
-0.82274,0.85242
-1.4399,0.39194
-1.0588,1.004
-1.6002,-0.081174
0.17583,0.49687
-0.39476,0.88872
-1.9191,-0.39706
0.22867,-0.31783
0.075261,0.75358
-0.19232,0.83301
-1.2977,0.4633
-1.2574,0.63513
-0.50606,0.89834
-1.4082,0.29404
-1.1268,0.59392
0.37541,0.26447
-0.60691,0.83307
-1.0715,0.43811
-0.78671,0.81738
-0.95807,0.70719
-1.199,-0.060691
-1.9588,0.42342
-0.018205,0.63006
0.56341,0.24041
-0.38857,0.65818
0.41185,0.57681
0.20193,0.44402
0.10117,0.74134
0.36072,0.14291
0.067195,0.61177
-0.97235,1.0766
0.42439,0.31066
-0.40826,0.73973
0.11046,0.23204
-0.54354,0.75447
0.11938,0.57564
0.092468,0.64773
-0.84856,0.37716
-1.762,0.03773
0.68619,-0.74626
-1.6499,0.10621
0.21751,0.40396
-0.24084,0.90533
0.4204,0.10633
-0.7591,0.48298
0.48386,0.082277
-0.075046,0.96392
0.47637,0.49011
0.10918,0.57733
-1.4264,0.20608
0.38021,0.15259
-1.3692,0.13685
0.3729,0.075215
-1.3638,0.37497
-1.2375,0.78121
-1.202,0.64241
0.08483,0.42871
-1.0571,0.19077
-1.1415,0.83815
-0.44345,1.1692
0.058691,0.95609
0.3093,0.21951
0.2141,0.27796
-1.6188,0.53365
0.41194,-0.31997
-1.5258,-0.36545
-0.31949,0.84737
0.095401,0.54212
-1.1363,0.76015
-0.7186,0.73553
-0.058839,0.70761
-0.87478,0.76878
0.29016,0.21626
-0.54474,0.98045
-0.67113,0.75255
-0.8993,0.67103
-1.5648,0.48925
0.16238,0.53638
0.14484,0.29256
-0.41361,0.95185
-0.664,0.31393
0.1496,0.43277
-1.5902,0.12038
-0.11535,0.77763
-0.2873,0.49839
-1.4413,0.32333
0.41655,0.33476
-0.038502,0.68805
-0.94291,0.77574
-0.26884,0.36632
-1.3163,0.64903
-1.9801,0.2771
-0.59103,0.74307
0.14735,0.57271
-1.6049,0.5663
-0.60322,0.97985
0.10346,0.72133
-1.1578,0.64017
-1.4696,0.048454
0.44442,0.06239
-0.18971,0.93174
-2.1533,0.53165
0.12841,-0.094439
-1.8118,0.22957
-2.0246,-0.26686
-0.1139,0.22509
0.16036,0.62344
-0.015191,0.48482
-1.3784,-0.56177
0.24652,0.1345
0.27162,-0.025981
-0.9714,0.93453
-0.9586,0.77305
-0.90266,0.91132
-1.2564,0.50708
-0.84699,-0.017495
0.16371,-0.43502
0.42415,0.39786
0.13945,-0.12255
-0.97861,1.0126
-2.1599,-0.17993
-0.82296,0.80519
0.20426,0.44621
0.44355,-0.27466
-0.48617,0.58715
-0.50556,0.69563
-0.27672,0.55433
-0.79007,0.97146
0.058891,-0.0006366
0.38206,0.041897
-1.4566,0.27739
-1.4151,0.43016
-1.31,0.71013
0.41363,0.37047
0.4614,0.022325
-1.5549,0.15525
-1.4724,0.62204
-0.20616,0.6138
-1.1199,0.71866
-1.6538,0.52395
-1.9111,0.54021
0.32778,-0.19295
-1.5205,-0.020575
-1.5034,0.51659
0.4518,0.25584
0.17833,0.35946
-0.090399,0.7253
-0.92932,0.97573
-0.14082,0.86132
-1.0812,0.75549
0.047263,0.64611
-0.039092,0.55853
-1.5235,-0.040061
-1.4427,0.095584
-0.91192,0.52641
-1.7448,-0.082965
0.29476,0.19223
-0.33196,0.75971
-0.62928,0.86237
0.41123,0.39827
-1.852,0.55766
0.32634,-0.64075
0.05084,0.37125
-1.2087,0.96752
-1.8843,0.77153
0.25204,0.14062
-1.7218,0.44585
0.48823,0.039283
0.24335,0.66712
-1.1099,0.87089
-2.2345,0.0067587
-1.5179,0.020374
-1.2016,0.8438
0.060757,0.59515
-0.33411,0.71153
-0.18865,0.76786
-1.0677,0.65201
-1.3861,0.69085
0.0046399,0.60751
-1.4046,0.13372
-1.8034,0.1901
-0.54772,0.80275
-1.6562,-0.11984
-1.028,0.6207
0.22934,0.12401
0.40111,0.27359
0.47868,0.11359
-1.828,0.25946
-0.11104,0.63233
-0.5045,0.95849
-0.55792,1.0297
-0.41007,0.81699
0.033944,0.51105
-1.6939,0.4026
-1.4169,0.41906
-0.32732,0.86047
-0.36089,0.7537
-0.98791,0.2799
-0.031492,-0.23327
-0.45128,0.97257
-0.83469,0.99173
-0.22906,0.91806
-0.78687,0.61395
-1.2611,0.85649
-1.1538,0.49414
-1.3837,0.61692
-0.55699,0.82452
-0.8127,1.0132
-1.1318,0.45025
-1.4726,0.45952
-1.3445,0.4153
-0.065741,0.37663
-0.33937,0.69817
-1.841,0.53722
0.049353,-0.089018
-1.5857,-0.019105
-0.83951,0.9122
0.24892,0.55987
0.25346,0.49875
-1.0054,0.81498
-0.65879,0.91157
-0.28732,0.97983
0.22163,0.23551
-0.85754,0.60645
-1.6028,0.50226
-1.6772,-0.34247
-1.6351,-0.025004
-0.98363,0.75355
-1.2716,0.62582
-1.3398,0.442
-1.7807,-0.094223
-1.6142,0.064377
0.49272,-0.38124
-1.1894,0.59096
-1.1014,0.62858
0.37647,-0.0089292
-1.4634,0.40878
-0.081363,0.19781
-0.29115,0.53882
0.16108,0.38571
0.31042,-0.23859
0.5598,0.14861
-1.6186,-0.19651
-0.7295,0.86096
-1.0859,0.44549
0.36154,0.32227
-1.4813,0.6674
-0.013032,0.76094
0.25434,0.026726
-1.6108,0.18838
-1.4796,0.80629
0.12171,0.55809
-0.98772,0.90279
-0.24735,0.87415
-1.6585,0.12564
0.10031,0.60443
0.27542,0.53616
-1.2964,0.13311
-0.70314,0.88216
-0.32218,0.8754
-1.4236,0.53012
0.092423,0.71044
-1.0358,0.72001
-1.3183,0.59687
0.39676,-0.13646
0.034332,0.61397
-0.2305,0.88355
-1.872,0.54615
-1.4076,0.55619
-0.56507,0.72181
-1.1125,0.5436
-1.6529,0.6413
0.44777,-0.14785
-1.5719,0.15954
0.53359,0.021645
-0.14691,0.85427
-0.64655,0.95731
-1.0073,0.89354
-0.18912,1.01
0.5058,0.44479
-0.75548,0.87206
-1.4109,0.4461
-1.4455,0.30015
-0.65387,0.68948
-1.7733,0.76329
-1.2499,0.71335
-1.6066,0.063192
-0.60415,0.99597
-0.80847,0.68622
-1.5264,-0.48817
0.053022,-0.20263
0.542,-0.11802
-1.5603,0.29188
-0.59445,0.8097
-0.21045,0.95485
-0.15639,0.45614
-0.6051,1.0879
-0.65854,1.008
-1.6286,-0.38565
-1.2646,0.27631
-1.6204,0.3626
-1.2478,0.66794
0.12827,0.52598
-0.97811,0.26362
-1.3726,-0.024073
-0.37226,0.96857
-1.2106,0.65161
0.14931,0.31287
0.075646,0.48431
-0.36313,0.75994
0.30775,0.060555
0.35927,-0.086679
0.17362,0.44927
-0.42451,0.76705
0.39438,0.14283
0.30735,-0.020585
0.083064,0.50153
-0.79781,1.0009
0.14058,0.38416
-0.53079,1.0108
-0.62574,0.83096
-0.68899,0.6117
-2.0865,0.46555
-0.38437,1.0033
-0.69734,1.0102
-0.18183,0.90866
-0.79398,1.0542
-1.6578,0.7782
-1.1471,0.76739
-0.082202,0.76417
0.35291,0.0175
0.29626,0.3676
0.09563,0.92637
-1.1093,0.63022
-1.3858,0.087103
-1.5152,0.79441
0.011008,0.37204
-0.11786,0.67689
-0.15828,0.64403
-1.6202,0.18759
0.44362,-0.14326
0.015424,0.72449
-1.6023,0.59042
-1.4918,0.32453
-0.42276,0.87256
-0.48674,0.99594
0.12036,0.59942
-1.2497,0.83414
-0.25375,0.81045
-0.94677,0.48451
-0.11508,0.41924
-1.2965,0.89608
-0.15587,0.54953
-1.6247,-0.0051637
-1.4685,0.53322
-1.9457,0.080773
-1.0724,0.73902
-1.6674,0.22319
0.16393,0.46783
-2.2115,-0.29579
-0.29626,0.77265
-1.3544,0.73809
-0.88373,0.88479
-0.57229,0.49824
0.31941,-0.2447
0.41429,-0.021972
-1.3979,0.6203
-1.1144,0.88155
-1.2966,0.50602
-1.361,0.19581
-0.11157,0.55871
-1.8288,-0.2128
-0.9749,0.88456
-1.5791,0.20197
0.15202,0.17386
-1.4178,0.26048
0.32458,0.47581
-0.92683,0.88883
0.22735,0.40964
-0.12442,0.72308
0.0011315,0.48564
0.1955,-0.073633
-0.82395,0.57206
-1.0991,0.78541
0.31711,0.31866
-0.55439,0.54994
-0.97367,0.78202
-0.38446,0.59424
-0.82472,0.83578
0.3324,0.057629
-0.88571,1.0969
-0.30849,0.8515
0.51064,0.047482
-1.6039,0.39557
0.3284,0.35186
-1.3017,0.82747
-1.1373,0.45719
-0.43631,0.79801
-1.4075,0.28156
-0.77618,1.0104
-0.74343,1.1315
-1.59,0.3094
0.32972,0.15524
-0.17583,0.83009
0.31112,0.47252
-1.3944,0.37104
-1.9804,0.051602
0.16344,-0.095257
0.38184,0.31789
-0.37277,0.80265
-0.59753,0.79221
-0.34073,0.63665
-0.64663,0.59803
0.19078,0.3003
0.031457,0.84453
-0.4455,0.86994
-0.99334,0.66702
0.35407,-0.78965
0.3248,0.13516
-0.80589,0.98699
-0.69284,0.9697
0.54039,0.46011
0.19362,0.48141
-0.10798,0.80731
-1.5618,0.1545
-1.4842,0.82022
-0.49005,1.062
0.53932,0.4017
-0.34726,0.64463
-0.045446,0.48739
-0.61151,0.88112
-0.2378,0.81103
0.42925,0.36774
0.31012,0.44309
-0.98528,0.90227
-1.678,0.65882
0.097173,0.0013579
-1.033,0.81593
-1.4926,0.38304
-1.8429,-0.39088
-1.7265,0.35128
-1.0396,0.77527
-0.61171,1.0216
-1.2268,0.98949
-1.2744,0.617
0.31209,0.46425
-1.6695,0.58758
0.027428,0.35002
-0.70162,1.0559
-1.6475,-0.44305
-1.74,0.67652
-1.35,0.44998
-0.73342,0.85418
0.4801,0.43988
-1.2397,0.74771
-0.72907,0.78009
-0.848,0.94295
0.42944,0.32913
-1.041,0.82316
-1.074,0.73729
-0.78201,0.81526
0.16,0.59031
-0.20255,0.30038
-0.20406,0.84637
-1.0918,0.59882
-1.2162,0.91209
-0.45384,0.81969
0.04257,0.14785
0.06877,0.69773
-0.43965,0.75052
-0.68396,0.9785
-0.65158,0.79768
-1.5026,0.47499
-1.7493,0.057821
-1.2217,0.47771
-0.57623,0.71977
0.33824,0.14472
-0.95355,0.88059
-1.706,0.34128
-0.24781,0.75562
-1.1441,0.5875
-0.62082,0.78627
-1.3681,0.19689
-0.71544,0.80274
-1.5208,0.77012
-0.94312,1.1227
-0.2797,0.72416
-1.1105,0.43987
0.25119,-0.043975
-1.2532,-0.060238
-0.15141,0.78458
-0.095198,0.30567
-0.062039,0.70989
-0.88676,1.0037
-0.84136,0.8192
-0.42701,0.96299
-0.78161,0.66698
-0.64663,0.60476
-1.5747,0.16864
0.31501,-0.18822
-1.0535,0.79623
-1.312,0.57619
-0.8779,0.7404
-0.6391,0.75534
-1.2965,0.55341
-1.6083,-0.1192
0.29383,0.30965
-0.25287,0.55355
-0.33248,0.65794
0.16506,0.56254
-0.64353,0.91712
-0.52094,0.88036
-0.46028,0.75607
-1.3859,0.64854
-1.5571,0.41114
0.22278,-0.1532
-0.03999,0.83992
-1.4893,0.73274
-1.4082,0.30291
-1.6418,0.00030207
-1.008,0.79311
-0.050886,0.48318
-1.5126,0.24269
0.17664,-0.19118
-1.3781,0.043492
-0.39542,0.4335
0.44265,0.20812
0.18256,-0.41802
-0.32326,0.74135
-0.38582,0.97689
0.014022,0.078137
-1.6418,0.25525
-1.5102,0.88078
0.43998,0.085366
0.18485,0.48613
0.3039,0.19495
-1.7131,-0.1187
-0.9045,0.24679
-1.288,0.66635
0.44518,-0.15115
0.33261,0.073713
-1.959,0.6883
-0.040713,0.32919
0.24553,0.19849
-1.4229,0.49598
-1.6696,0.44567
0.37781,-0.033643
-0.7003,0.78582
-0.43663,0.97334
0.26673,-0.18219
-0.5438,0.79346
-0.033199,0.45268
-0.41153,0.95514
0.37577,0.11398
-1.9671,0.080166
0.24963,0.2207
-1.1383,0.42109
-0.67458,0.96081
0.60219,0.1089
-1.8722,-0.20882
-0.57073,1.1988
-0.81552,0.78056
-1.5319,-0.020514
-1.312,0.53152
0.063231,0.23581
-1.5654,0.32071
-0.44798,0.5056
-0.40287,0.88685
0.084851,0.16927
-1.4157,0.54454
0.22566,0.5581
-1.5645,0.18326
-0.20612,0.85075
0.19482,0.20438
-1.4089,0.34735
0.49401,-0.056965
0.17488,0.53601
-0.65234,0.79907
-1.1498,0.54001
-1.6731,0.17645
-1.6962,0.26376
-0.28279,0.79594
-0.23757,0.50609
0.28758,-0.1013
-1.4461,0.24892
-1.4801,0.49078
-1.2076,0.66338
0.38942,0.001296
0.13975,-0.13687
-1.1699,0.081613
0.40392,-0.076015
-1.5199,0.28648
-0.83115,0.4685
0.32241,0.32973
-0.39816,0.98874
-0.58632,1.0108
0.15041,0.30225
0.27926,0.33337
-0.668,0.45562
-0.65447,0.85197
-1.5826,-0.12775
0.25611,0.63261
-0.087901,0.81028
0.39423,0.19538
-1.3273,1.0221
0.42788,-0.063995
0.1844,0.42573
0.27089,0.12225
-1.5652,0.29079
0.16245,0.019404
-1.6832,0.72908
-0.2277,0.68816
-0.52619,0.74328
-1.1332,0.096352
-0.2325,0.47346
-1.3336,0.63577
-1,0.6394
-0.74398,0.86996
0.52078,0.35651
0.35519,0.30939
-0.74271,0.79692
0.085779,0.48876
-0.16919,0.014063
-0.31545,0.78834
-1.7278,-0.1324
0.41844,0.10098
0.17721,0.71299
-1.3481,0.20737
-1.4655,0.4665
-0.26835,0.10627
-0.67577,1.0231
0.046872,0.15157
-0.47644,1.0707
-0.11912,0.72297
-1.5688,0.10353
0.081541,0.39904
-0.61124,0.64389
0.17309,-0.55652
-1.0706,1.1336
-1.4003,0.69255
-1.5506,0.35913
-0.2566,1.0306
0.027766,-0.21922
-1.6258,-0.19854
-0.96973,0.91319
-1.0942,0.81055
0.12849,0.2489
-1.7589,-0.45746
0.11959,0.54992
0.29789,0.40728
-0.40565,0.7656
-0.12381,-0.11574
-0.22927,0.79279
-0.83379,0.1699
0.18421,0.60805
0.35689,0.193
-1.5174,0.096762
-0.10979,0.54213
-1.0444,0.92827
-0.15768,0.65973
-0.90513,0.88154
-1.4477,-0.047578
-0.63744,0.6388
-1.0251,0.90652
-1.414,0.30186
-0.67061,0.82706
-0.86375,0.95241
-1.2223,0.53331
-1.2264,0.23699
-0.69022,0.77196
0.30999,0.0066186
-1.7757,0.0035664
-1.6071,0.24397
-1.0521,0.013953
0.24066,0.25567
0.16292,0.64228
0.25969,0.71154
-0.4988,1.0233
0.39471,0.24106
-1.7304,0.36718
0.42972,0.26433
-1.5014,0.58881
0.35759,0.55823
0.4342,0.2057
-0.019072,0.43484
-1.6919,0.23202
-0.87099,0.61103
-1.1617,0.54658
-1.2607,0.54905
0.18571,0.084026
-1.519,0.55387
0.17115,0.40066
-1.6676,-0.11219
0.31662,-0.17816
-0.12283,0.44333
-1.5461,0.20539
-1.2053,0.50551
-0.77929,0.97328
-1.5429,0.40146
-0.93347,0.90852
0.20179,-0.10709
0.15697,0.6356
-1.5947,0.49744
0.18479,0.36313
-0.897,0.6415
-0.70747,0.85668
0.080117,0.48966
0.34432,-0.26841
-0.86948,0.54779
-1.6616,0.3861
0.31169,0.085126
-1.0736,0.83878
-0.80522,0.87193
-0.44361,0.7217
-1.4342,0.1595
-1.2563,0.58057
-0.86504,0.86469
-1.6568,0.75339
-0.3853,0.77732
-0.75654,0.86455
0.37458,-0.091224
0.295,0.40796
-0.72112,0.73117
0.23703,-0.11386
0.30787,-0.065614
0.53508,0.042268
0.55653,-0.24058
-0.88468,1.0888
-0.28986,0.60435
-0.78772,0.85651
-1.7995,-0.21384
0.056494,0.32989
0.14577,0.64118
-1.5123,-0.097944
-0.324,0.76845
-0.24579,0.77293
-1.5057,0.33544
-1.6257,0.10203
-1.4754,0.82879
0.59994,-0.1604
-0.76731,0.732
-1.4192,0.29369
0.3998,0.53133
0.44802,0.16105
0.13517,0.6162
-1.1604,0.58551
-0.90696,0.94487
-0.99302,0.75363
-1.5613,-0.081255
-0.33272,0.88642
-1.659,-0.029554
-0.60793,0.86583
-0.41094,0.9491
-0.25104,0.77998
0.039491,0.36573
-0.2603,0.59735
-0.25604,0.35061
-1.5418,0.32478
-0.38029,0.08699
-0.80133,0.80524
-0.52803,0.36052
-1.3517,-0.39097
-1.3799,0.39173
-1.9124,0.79501
0.026226,0.86622
-0.87231,0.93056
-1.332,0.79534
-0.89697,0.89553
-0.57241,0.90814
0.35725,0.22511
-0.38203,1.0114
-0.16912,0.099179
-1.5084,0.058376
-1.4551,0.7064
-0.97818,0.15124
0.30747,-0.087499
-0.053854,0.26815
-1.7771,-0.2373
-0.32199,0.65974
-0.96631,0.11688
-1.0267,0.76798
-1.2703,0.76915
-0.24221,0.82913
-1.5038,0.66128
-0.11978,0.45024
-0.95125,0.74214
-0.44838,0.88631
-1.2042,0.52388
-0.72854,0.42252
-1.1239,0.23644
0.19998,-0.14743
-1.5469,0.38925
-0.3973,0.67704
-0.20042,0.59152
-1.3442,0.59674
0.32961,0.60926
-1.4825,0.064792
-1.0841,0.79147
-1.0606,0.55732
-0.79014,1.0962
0.39724,-0.13973
-0.35057,0.79999
-0.84514,0.60092
0.44712,0.35695
-1.4792,0.14004
-0.32681,0.85847
-1.0603,0.56331
0.3023,0.23605
-0.029974,0.8362
-1.7494,-0.050617
0.40647,0.031419
0.42847,0.072433
-0.25346,0.31244
0.29949,-0.36262
-0.091035,0.31768
-1.0222,0.62194
0.24423,-0.24183
-0.69657,0.54309
0.12641,0.38454
-0.67991,0.89867
-0.12353,0.78886
-1.5651,0.054563
0.12733,0.36045
-0.87759,0.85002
-0.82845,0.99104
0.2713,0.49895
-0.95247,0.78388
-1.6575,0.31503
0.25772,-0.12744
0.21567,0.050537
-0.75204,0.801
-0.79703,1.0353
-1.3263,0.85137
-1.3534,0.44209
0.0021422,0.21392
-0.096788,0.70581
-0.85742,0.83848
-1.561,0.27363
-0.88988,0.79599
0.35699,0.51009
0.37371,0.17398
-0.14288,0.67578
0.21557,0.57933
-0.057777,0.65033
0.25352,-0.58414
-1.2838,0.070877
-0.11484,0.70094
-1.1805,0.34613
-0.80893,0.44942
-0.19149,0.58772
0.42788,0.16451
0.24309,-0.1399
0.15067,0.59391
0.077945,0.046624
-1.3064,0.85223
0.12794,0.52258
0.22996,0.13877
0.0041428,0.53167
-1.6072,-0.085968
-0.66118,0.46169
-0.63089,0.97655
-1.4158,0.35546
0.16966,0.61469
-1.2029,0.60825
0.20919,-0.045256
0.049853,-0.071512
-0.2515,0.20001
-1.5457,0.40642
-0.031059,-0.43048
-0.082695,0.45624
-1.3378,0.61277
0.40296,0.19759
-0.016239,-0.086528
0.40833,-0.061635
0.34937,0.56016
-1.0584,0.38798
-0.32546,0.31465
0.4307,0.1127
-0.51901,0.98401
0.33762,0.3539
-0.0067591,-0.031111
-0.75765,0.83041
-1.8356,0.33398
-0.47331,0.7691
-0.48414,0.86293
0.48966,0.39763
0.26875,0.22773
-0.54053,0.89117
-0.89472,0.6769
-1.6386,0.040113
-0.7255,0.65713
-1.6923,-0.31128
-0.53478,0.58336
-1.3844,0.49751
-0.10388,0.38705
-0.56876,0.75355
0.44919,0.36064
-0.75637,0.99717
0.25984,-0.38549
-0.24491,0.53921
-1.4615,0.38918
-0.57728,0.69495
-1.0858,0.63594
-1.7218,-0.24368
-1.5103,0.31582
-0.40812,0.83178
-0.25026,0.16036
-0.085181,0.41649
-0.21989,0.91929
-1.8615,0.50814
-1.9253,0.086348
-0.15893,0.65814
-0.91017,0.67754
-0.93711,0.6377
-0.015249,0.79549
0.22908,0.45128
-1.1261,0.36024
-1.0894,0.85177
-0.43775,0.75157
-0.40978,0.17375
-0.70842,0.44561
-0.99985,0.79109
-0.56005,0.92724
-1.3877,0.58271
0.38128,0.24458
-0.51392,0.97579
0.40855,0.42699
0.5355,0.39884
-0.71042,0.79144
0.3672,0.37436
-0.99102,0.61423
-1.4542,0.58666
-0.24767,0.42707
-1.6099,0.26263
-1.2646,0.61591
-0.13717,0.97137
-1.0383,0.37417
0.42063,0.19879
0.38785,-0.24484
-1.5993,0.54883
-1.3036,0.67531
-1.3618,0.79286
-0.40519,0.99998
-1.3193,0.58345
-1.0583,0.80885
0.53272,0.12904
0.24745,0.66031
-0.48869,0.85142
-1.1474,0.23509
-0.5912,1.0456
-1.5715,0.31718
-1.4392,0.34289
-0.11471,0.89199
-0.4174,0.53113
0.25553,-0.012686
-1.3906,0.072897
-1.4947,0.13478
-1.7913,-0.30592
0.24801,-0.079229
-0.53537,0.63927
-1.3237,0.67458
-0.7634,0.86798
-1.8594,-0.14779
0.025837,0.83387
-1.4079,0.62576
-0.16113,0.4633
-0.38929,0.82634
0.0072009,0.82799
-0.15279,0.15186
-1.0399,0.45698
0.034919,0.56763
-1.6181,0.031451
-0.59595,0.77376
-1.0887,0.76852
-1.3496,0.39121
0.31006,0.10014
0.41948,0.2345
0.13452,0.39548
-1.2668,0.22764
-0.43371,0.27158
-1.7514,0.13411
-0.95428,0.44525
-1.6498,0.19851
0.14335,0.25297
-1.4411,-0.25238
0.12322,0.012132
-1.1998,0.67106
0.29004,0.41808
-0.051256,0.7314
-1.2872,0.54296
-1.1159,0.85553
-0.14907,0.62328
0.54455,0.093726
-1.4357,0.086643
0.42194,0.18371
-0.78827,0.89888
0.15639,0.58338
0.26086,0.12201
-0.16751,0.92218
0.60172,-0.004782
-0.0018878,0.48591
-1.0203,0.82265
-0.099607,0.12176
0.18528,0.483
-0.059901,0.46843
-1.5103,0.65999
-1.1156,0.41948
0.23496,-0.017498
-0.001058,0.63352
-0.62523,0.76147
-1.4218,0.42181
0.47151,-0.63914
-0.40708,0.66449
-1.0773,0.79096
-0.19947,0.96524
-1.4363,0.24825
-1.6865,0.43025
-0.36401,0.25984
-1.7648,0.26296
-0.54474,0.91483
-1.533,0.36716
-0.50435,0.63189
-1.686,0.53887
-1.1975,0.94334
0.24433,0.33161
0.22249,0.055927
-0.82487,0.87638
-1.0157,0.88398
-0.95967,0.0093806
0.42674,-0.25344
-0.71892,0.70247
-1.0836,0.71412
-1.6824,0.52997
-1.1342,0.86178
0.34115,0.12038
-1.3578,0.23577
-0.18183,0.18108
-1.5003,0.42177
-0.62701,1.0455
-0.75296,0.25345
-1.0156,0.71318
-1.4702,0.51753
-1.3409,0.0053089
0.23878,0.44316
-1.4841,-0.29073
-0.53121,0.65824
0.28534,0.059855
-1.7653,-0.018328
-0.51555,1.084
0.2073,0.30878
-1.4286,-0.042203
-1.5442,0.60794
-1.7033,0.5322
-1.6214,0.11577
-1.225,0.32152
-1.5125,0.27569
-1.1955,1.0685
-0.27129,0.68746
-1.3994,0.5659
-1.4388,-0.49849
-1.3013,0.70645
0.0083423,0.53619
-1.5585,0.052374
-1.8333,-0.23474
-1.5859,0.3282
0.16748,0.17473
-0.54822,0.71533
-1.5712,0.10304
-0.26997,0.75535
-1.2674,0.19731
0.087734,0.79038
-0.74679,1.0779
-0.02532,0.85872
0.24769,0.66194
-1.5943,-0.10734
-1.1299,0.30964
-0.011777,0.58417
-1.6923,0.40734
-0.87006,0.4999
0.0040986,0.64457
-1.2362,0.42953
-0.13649,0.46353
0.18564,0.35023
0.22489,0.18176
0.032695,0.57949
-0.33274,0.76346
-0.81253,0.41394
-0.32064,0.54271
-1.2861,0.47787
0.40454,-0.073205
-1.5172,0.043363
-0.17965,0.73894
0.27182,-0.28993
-0.18736,0.85353
-1.2379,0.76779
-1.5503,0.61798
0.35814,0.57457
-1.4753,0.31308
-1.6138,0.21
0.13942,0.60385
-0.26239,0.42741
-0.9468,0.59959
-1.5415,0.42
0.15274,0.28434
-1.3255,0.074132
0.22104,0.18642
-1.9536,-0.47589
-0.84166,1.0168
-0.33216,0.77055
-0.56291,1.042
-1.2891,0.36156
-0.4119,1.0119
-0.062725,0.0099957
-1.7597,-0.22239
0.065479,0.34659
0.23878,0.26772
-0.17118,0.34284
-1.3958,0.32147
-0.90644,0.05427
-0.95571,0.865
-1.3274,0.60511
-1.9331,-0.0035468
-0.59142,0.66884
-0.014864,0.5036
-0.59275,0.65101
0.31732,-0.087625
0.46951,-0.03492
0.11682,0.7018
-1.8911,-0.046992
-0.73489,1.1118
-1.1281,0.88508
0.41003,0.50046
-0.73895,1.0764
-0.40996,1.0576
-1.1231,1.1639
-1.6162,0.18741
0.047659,0.22718
-0.042984,0.1752
0.42751,0.066724
-0.0044929,0.29724
-0.43971,0.89678
-0.79468,0.59064
0.50186,0.42181
-1.7916,0.43657
0.49803,0.10937
0.06386,0.52562
0.4145,-0.15187
-0.61721,0.93988
-0.074201,0.35945
-1.1353,0.63097
-1.4128,0.78953
-1.1677,0.77118
-1.7272,0.378
-1.6334,0.47562
-1.3608,0.71485
-1.5298,0.39041
0.28656,0.30729
-0.034565,0.50501
0.42033,0.19571
0.37415,0.36832
-0.01792,0.53665
-1.4654,0.19594
-1.9589,-0.0046312
-0.39317,0.52787
-1.8585,-0.44436
-0.21021,0.59673
-1.9486,0.092679
-0.012122,0.46603
-1.3331,0.051757
0.43835,0.16366
-1.0028,0.85252
-0.71489,0.91337
-0.9095,0.98879
0.20341,0.73964
-0.88002,0.52946
-1.1402,0.56509
-1.0123,0.8162
-1.3756,0.67662
0.044494,0.67
-1.6288,0.46087
-1.3753,0.5783
-1.5089,0.31871
-0.58288,0.95052
-0.038653,0.82677
-1.0884,0.95843
0.12995,0.55937
-1.71,0.49913
-1.167,0.6812
0.50115,0.012602
-1.7342,0.086999
-0.99518,0.83141
-0.050404,0.98034
-1.6151,0.27141
0.24757,0.44663
-0.60269,0.93628
-2.0664,-0.044518
-1.5879,-0.3367
-0.17671,-0.069854
-0.12507,0.28525
-1.3333,0.42922
0.15825,0.097564
-1.1663,0.20178
-0.16559,0.96754
-0.12929,0.82103
0.17385,0.69961
-1.0631,0.80639
0.026385,0.79663
-1.9478,0.78459
-1.3481,0.17688
-0.044262,1.0694
-0.24876,0.72375
-0.14164,0.71851
-1.1518,0.96687
-1.5511,-0.22268
-1.8677,0.05374
-1.3665,0.38226
0.18748,-0.098914
0.20657,0.33085
-1.6963,-0.071024
0.24744,0.059379
-1.2919,0.43257
-1.5393,0.034273
-0.86725,0.95745
-0.87257,0.8712
-0.84764,1.0784
-0.31061,0.46544
-0.68889,0.83038
-1.3354,0.36798
-1.0287,0.53198
-1.0444,1.0241
-1.5511,0.6089
-0.17302,0.41475
-2.0622,-0.068115
-0.90545,1.0078
-0.16155,0.41507
-0.23482,0.82924
-1.3046,0.71221
-1.2655,0.4525
-1.5736,-0.81412
-0.65887,0.64221
-1.4929,0.25005
0.29689,0.77131
0.2285,0.28054
-0.73407,0.7334
-0.80257,1.091
-0.070699,0.49557
-0.95306,0.94526
0.25874,0.66594
0.040815,0.72843
-0.014986,0.69262
0.47861,0.070945
-1.592,-0.10236
-1.7352,0.16052
-1.7849,0.51059
-1.5431,-0.13785
0.39802,-0.13199
-1.2952,0.61762
0.11983,-0.12777
-0.18655,0.11971
-0.25415,0.69031
-0.0143,0.29714
-1.223,0.30326
-0.81456,0.94161
-0.90759,0.89572
-0.92201,0.64318
-1.5539,0.17152
-1.5796,0.77937
-1.1058,0.35282
-1.3038,0.78329
-0.072406,0.86047
-1.5452,-0.067943
-1.1625,0.6977
0.12279,0.87564
-0.19937,0.45345
0.43833,-0.24671
-0.16195,0.83069
0.21701,0.17506
-1.7192,0.23287
-1.1523,0.7348
-0.76138,1.1733
-1.2425,0.80656
-1.6124,0.66305
0.17162,0.29206
0.42142,0.408
0.088016,0.8071
-1.6759,-0.011784
-1.6604,-0.18147
-0.86518,0.78064
0.13455,0.72664
-1.5766,-0.11172
-0.063238,0.74726
-0.47387,0.61823
-1.4192,-0.094081
0.33072,0.44329
-1.2687,0.65875
0.074639,0.64846
-0.61211,0.75955
-1.9622,-0.073428
-1.6931,0.193
-0.67004,0.83395
-1.6289,0.19446
-0.19677,0.4765
-1.6626,0.40248
0.36367,0.22052
0.06265,0.7439
-1.7428,0.56503
0.32321,0.24327
-0.35837,0.84629
-1.2947,0.81025
-0.7837,0.95974
-1.7941,-0.0917
0.31985,0.2315
-1.4076,0.15482
0.16856,-0.090313
-1.0568,0.65521
-1.3087,0.77817
0.34746,-0.13263
-1.6618,-0.72088
-1.9867,0.26174
0.28062,0.47875
-0.2369,0.96301
-0.097158,0.77695
-0.14279,0.64194
-1.5249,0.0086227
-0.19844,0.24194
0.00051055,0.90329
-1.479,0.42542
0.069902,0.63607
-0.10354,0.47438
0.46205,0.18085
0.040863,0.028745
-1.4284,0.53261
-1.8773,0.76656
-0.47138,0.8683
-0.094103,-0.35548
-1.2716,0.7906
-1.7289,-0.13346
-0.036792,0.91185
-0.85523,1.0588
-0.011852,0.7852
0.5081,0.36574
-0.21867,0.094209
-0.37966,0.85293
0.43952,0.075746
-1.1522,0.89606
-1.873,0.10083
-0.021019,0.55665
-0.65003,0.89176
-1.3831,0.83066
0.11512,-0.070526
-0.84211,0.58
-1.1605,0.50691
-0.38667,0.54002
0.47724,-0.7293
-0.8587,0.96164
0.15719,-0.036264
-0.29506,0.71914
0.034202,0.26984
-0.6875,0.71024
-0.19302,0.53956
-0.79228,0.51639
-0.95826,0.56405
0.24804,0.61799
-0.39878,0.77755
-1.8214,-0.22699
-0.9997,0.89435
-0.38955,0.26682
0.18869,0.22581
-0.7385,0.84835
-1.4038,0.22231
-0.70751,0.71624
0.26778,-0.067831
-1.3987,0.59889
-1.1749,0.5732
-0.60142,0.4953
0.25092,0.45659
-0.1922,0.33411
-0.015989,0.32995
0.27699,0.43493
-0.89538,0.54263
0.34522,0.37339
0.14525,0.098057
0.31248,0.71565
-0.24203,0.33623
-1.8184,0.15636
0.25737,-0.23406
-0.082054,0.81943
0.33123,0.78164
-1.3771,0.81569
0.45105,0.21903
-1.8739,0.0032901
-0.33919,0.51504
-0.88009,0.71978
-0.77777,0.90466
0.48789,-0.074308
-1.0378,0.99264
0.10243,0.55909
-0.23692,0.83517
0.51723,0.35056
-0.95062,0.80657
-1.463,0.065421
0.046546,0.68505
-1.3973,0.38976
0.22222,0.16196
-0.21727,0.75784
0.23589,0.1147
0.40168,0.046717
0.24231,0.1365
-0.91741,0.77808
-1.587,0.065728
-0.078758,0.49828
-2.0014,0.72286
-1.1404,0.47028
0.17266,0.66309
-1.5278,0.73596
-0.88374,-0.46014
0.27603,-0.10564
-0.72966,0.88377
0.31465,-0.10845
-1.1682,0.70649
-1.33,0.37998
0.31433,-0.11678
-1.9074,-0.45185
-0.060793,0.67381
0.15891,0.58891
-0.49419,0.90015
-1.2904,0.65832
-0.84173,0.87871
-0.61639,0.58788
-1.5975,-0.15889
1.4787,-0.70125
0.064054,-0.90884
1.4886,-0.33466
0.32167,-1.4214
1.4393,-0.31641
0.66284,-1.1418
1.3607,-0.9983
-0.40285,-1.1276
0.53785,-1.1028
0.32488,-1.3815
-0.32872,-1.2965
-0.51717,-0.92945
1.1594,-0.78409
1.4041,-0.62357
-0.092632,-1.2779
-0.13825,-1.028
-0.043489,-1.0411
-0.58601,-0.51653
-0.48285,-0.6726
-0.13034,-1.1165
-0.75399,-0.5616
0.17583,-1.0369
-0.37998,-1.1588
-0.54754,-0.16911
0.74862,-1.0725
0.4926,-1.0509
-0.031384,-1.1081
-0.59606,-0.91908
1.3149,-0.48335
0.75339,-1.0032
-0.5084,-0.4382
0.89267,-0.99218
0.3481,-1.0588
1.2426,-0.76635
1.266,-0.5973
-1.3181,-0.42424
-0.94607,-0.37063
-0.36751,-0.59479
-0.33533,-0.96764
-0.33793,-0.75184
1.2612,-0.82307
-0.11811,-1.3191
1.2416,-0.73772
1.413,-0.95479
0.67794,-0.99747
0.42419,-1.0307
-0.42299,-0.63345
0.95909,-0.9819
0.25232,-1.3672
-0.57363,-0.38386
-0.3266,-0.41674
-0.66863,-0.46846
0.73887,-1.0121
0.83851,-1.013
-0.12464,-1.0965
-0.82186,-1.2509
0.41393,-0.91047
0.53614,-0.7692
-0.63107,-0.41917
1.1607,-0.58329
-0.13284,-0.93596
0.014237,-1.0672
1.1155,-1.0784
0.62386,-1.044
-0.051243,-1.2487
0.46278,-1.1866
-0.57399,-0.058932
1.3266,-0.77608
-0.55988,-0.89325
-0.12308,-1.0641
0.61044,-1.0019
1.0555,0.028875
0.64284,-1.0681
-0.31575,-0.8171
-0.70395,-0.73505
0.30239,-1.4772
1.1513,-0.91575
-0.87371,-0.24633
1.4282,-1.0023
1.1247,-0.23194
-0.13542,-1.0574
-0.44223,-0.35738
1.3213,-0.82352
-0.5543,-0.51671
1.2813,-0.71759
-0.51212,-0.27839
-0.38599,-0.30247
0.31797,-1.0298
1.1111,-0.52406
-0.15246,-0.98673
-0.21413,-0.62735
-0.87134,-0.066621
-0.42548,-0.63435
0.87921,-1.3196
0.063568,-0.93333
1.3051,-0.62172
0.67803,-1.0664
0.42901,-1.123
0.44824,-1.1099
-0.15976,-1.1725
0.66657,-0.89902
0.5627,-1.0476
1.0015,-0.28821
0.11688,-1.1165
0.16484,-1.3157
-0.70486,-0.16679
0.20069,-1.3076
1.2412,-0.64142
-0.099475,-1.2547
-0.65659,-0.13829
0.63764,-1.0118
-0.43522,-0.87025
-0.43295,-0.95866
1.0228,0.09026
0.41586,-1.1373
1.192,-0.82415
1.1394,-0.98281
-0.9393,-0.72368
-0.6504,-0.45448
1.3182,-0.97227
0.56023,-1.0665
0.73529,-0.89317
-0.60506,-0.17378
1.2751,-0.58941
1.2532,-0.96669
-0.43789,-0.5713
-0.96115,-0.59839
0.27634,-1.3655
0.26571,-1.2342
-1.0184,-0.85024
-0.73648,-0.17582
0.35665,-1.0491
-0.36109,-1.0657
-0.46102,-0.45459
1.3142,-0.3443
-0.51587,-0.85882
-0.14419,-1.1978
-0.58988,-0.47895
-0.38854,-0.84703
0.76152,-0.8377
-0.44743,-0.54302
-0.17644,-1.1938
0.95518,-0.52872
-0.61413,-0.41403
0.73707,-1.2284
-0.74197,-0.056321
1.307,-0.64562
-0.4634,-0.45594
-0.62874,-0.33905
1.3675,-0.72801
-0.24246,-1.0442
-0.095514,-0.85419
0.08587,-0.98155
1.1161,-0.72001
-0.61786,-0.48715
0.46519,-1.5234
0.29055,-1.1162
-0.34994,-0.82203
-0.33337,-0.98005
1.3717,-0.42234
0.11529,-1.4583
0.52988,-1.1154
-0.39346,-0.85673
0.90282,-1.0613
1.0587,-0.22654
-0.32468,-0.58402
0.89763,-0.96146
0.26958,-0.98823
1.3233,-0.21265
-0.00072471,-0.91344
-0.69242,-0.22057
-0.28842,-1.067
1.301,-0.64561
0.39559,-1.139
-0.73635,-0.78306
-0.051425,-0.77994
1.1873,-0.137
1.2621,-0.76849
-0.53194,-0.20661
0.94309,-0.82304
-0.32772,-0.83597
-0.56611,-0.30854
0.89501,-1.5919
1.3901,-0.12657
0.87502,-0.88513
-0.34722,-0.65502
1.0832,-0.77022
-0.72871,0.0128
0.010665,-0.96743
-0.061945,-1.3117
0.80143,-0.99953
-0.48087,-1.0017
-0.86498,-1.6326
0.84916,-1.214
-0.34042,-1.0363
0.418,-1.1545
1.5393,-0.20669
-0.0039279,-1.114
0.68069,-1.1923
0.81718,-1.3278
1.3574,-0.061901
1.1307,-0.61467
-0.10237,-1.3226
-0.59941,-0.71073
-0.4971,-0.92338
0.22809,-1.2229
-0.49528,-0.47109
-0.48621,-0.48539
-0.3132,-1.0299
0.62922,-1.0513
1.3066,-0.22596
0.041955,-1.1924
0.78552,-0.83691
-0.73232,-0.18361
0.014494,-1.0686
0.9269,-0.70342
1.4287,-0.082827
0.88415,-1.0561
1.1241,-0.69094
1.5019,-0.16914
-0.46112,-1.2031
0.095094,-1.1784
0.64828,-0.63042
0.57611,-1.2449
1.0483,-1.0735
-0.40661,-1.1653
-0.46736,-0.44312
0.23065,-1.7164
1.2537,-0.72174
0.78164,-1.5394
0.13967,-1.9043
-0.54739,-0.6689
1.1865,-0.62014
1.1258,-0.62797
-0.4104,-0.84836
0.51645,-1.4712
1.3335,-0.39083
-0.042597,-1.6167
1.3095,-0.34752
1.382,-0.83451
0.7786,-1.0051
0.84189,-1.1971
0.06374,-1.3402
-0.45236,-0.67398
0.93141,-0.77705
-0.59833,-0.64446
-0.18204,-0.66896
1.1752,-1.052
-0.56087,-0.47393
0.82082,-1.0577
-0.082167,-0.95929
-0.4985,-0.30488
1.6251,-0.15442
1.3028,-0.5203
1.4005,-0.33545
0.11962,-0.99586
-0.68668,-0.61313
0.70102,-1.4318
-0.41437,-0.84613
0.87685,-0.90111
0.58427,-1.0538
-0.12669,-0.92533
1.0225,-0.48365
0.96198,-0.59013
1.1052,-0.571
1.2379,-0.64946
-0.23797,-0.98864
-0.54968,-1.049
1.3666,-0.71789
1.3893,-0.77418
0.85303,-0.88929
-0.21086,-0.92231
0.091942,-0.95406
1.0852,-0.79075
-0.76844,-1.0062
-0.034885,-1.557
1.128,-0.83956
1.6094,-0.28068
-0.038936,-0.81896
0.50249,-1.085
-0.59855,-0.43384
0.92826,-0.42981
-0.78915,-0.35231
0.0048803,-1.1294
0.20073,-1.3514
-0.78959,-0.30659
-0.29378,-1.7872
-0.092465,-1.1099
1.1025,-1.0041
1.0562,-0.69944
0.2108,-1.1682
-0.61613,-0.32121
0.82969,-1.8982
0.10115,-0.95601
0.22654,-1.1547
-0.28223,-0.66197
0.98038,-1.0332
1.2391,-0.50951
-0.72623,-0.5682
1.2941,-0.1491
-0.58246,-0.81206
-0.63692,-0.4637
0.56908,-1.1561
0.62128,-1.1453
0.79946,-0.84551
0.63041,-1.0965
-0.16289,-0.92437
-0.97772,-0.21599
0.89061,-1.1172
0.60315,-0.89601
-0.51037,-0.79406
-0.42498,-0.83895
-1.1295,-0.12255
-0.36062,-0.54313
0.18319,-1.1519
0.78107,-0.57998
-0.13788,-1.0254
-0.50788,-0.73494
-0.3747,-0.17873
0.8088,-1.2404
-0.14318,-0.75947
0.99406,-1.6604
0.50966,-1.2112
-0.4043,-0.82441
1.0296,-0.65198
-0.58437,-0.4734
-0.40858,-0.79816
-0.41832,-0.62921
0.79702,-1.1371
0.1658,-0.98003
1.3627,-0.39479
0.995,-1.4512
-0.52679,-0.20352
1.0921,-0.7817
-1.3984,-0.69877
1.1565,-1.0363
-0.0073901,-0.9842
-0.10075,-0.80811
1.2724,-0.78403
1.0431,-1.011
0.57038,-1.16
-0.17767,-1.0206
0.71877,-1.0482
-0.20932,-0.67978
1.3679,-1.0136
1.0949,-1.6018
-0.48163,-0.42608
0.75565,-1.179
-0.20829,-1.2183
-0.68835,-0.8968
-0.61482,-0.23294
1.1631,-0.98995
0.80794,-1.8679
-0.68032,-0.28815
-0.77345,-0.67907
-0.62927,-0.42136
0.50363,-1.4145
0.15268,-1.0415
-0.61559,-1.1326
-0.094928,-1.1138
1.0975,-0.33962
-0.1339,-1.5422
-0.34665,-0.35097
-0.12603,-1.1668
0.93708,-0.817
1.0531,-0.66917
0.91667,-0.70076
1.2979,-0.9758
1.5064,-0.15078
-0.21835,-0.7113
0.37405,-1.3619
-0.65354,-0.48432
1.1639,-0.81396
0.33186,-1.064
1.2351,-0.41627
1.0697,-1.0451
1.0532,-0.43912
-0.47922,-0.42419
-0.28549,-1.199
0.8158,-1.0997
-0.30945,-1.0023
0.88055,-0.83765
0.031226,-1.2075
0.85737,-0.71407
-0.13872,-1.0018
1.3683,-0.45959
0.68374,-1.1205
1.018,-1.3847
0.95112,-0.12535
1.3132,-0.76838
0.20449,-1.0738
1.2889,-0.62915
1.2843,-0.029464
0.53032,-1.1134
0.90555,-0.49326
1.3705,-0.68382
-0.52175,-0.50994
0.99864,-0.14905
1.4079,-0.34589
0.80742,-1.083
0.007194,-1.3806
0.4689,-1.2542
1.2505,-0.35769
0.59572,-0.9606
1.2204,-0.90258
0.88451,-0.62029
-0.0044289,-0.97503
1.3301,-0.56106
-0.37549,-0.41973
-0.050533,-0.79156
0.20312,-1.1753
0.80184,-0.95825
-0.67272,-0.69991
-0.57294,-0.26026
-0.31221,-1.2568
-0.44383,-0.86205
1.0299,-0.75009
0.61787,-1.0344
0.52416,-1.0348
-0.33898,-0.6942
0.69189,-0.91086
0.66861,-0.88914
-0.067024,-1.2619
0.78533,-0.40383
-0.42974,-0.90797
-0.047357,-0.84533
0.89018,-0.66456
-0.93329,-0.83647
-0.025461,-1.281
-0.4175,-0.71261
0.32791,-1.6117
0.22526,-0.85737
1.2278,-0.97684
0.24963,-1.0584
-0.34398,-0.5531
1.2256,-0.034187
1.0737,-0.85339
0.4733,-1.0886
-0.20216,-0.90729
-0.47817,-1.1782
1.4461,-0.57773
1.1556,-0.68774
-0.35541,-0.52592
1.1407,-0.61136
0.82602,-0.61952
0.78294,-1.286
1.0315,-1.031
0.33851,-1.2469
1.3052,-0.44787
-0.12179,-1.699
0.83677,-0.94007
-0.087175,-1.1199
1.3191,-0.52744
-0.010702,-0.78665
1.4244,-0.64365
0.34768,-1.1225
1.1796,-0.71354
0.14074,-0.91846
1.5632,-0.18089
-0.23251,-1.7255
0.54385,-1.1207
1.2175,-0.41331
-0.3318,-0.65589
0.40723,-1.114
0.56757,-1.3328
1.0004,-0.97831
0.29969,-1.0181
0.53388,-0.86347
1.2611,-0.96537
-0.27935,-0.61063
-1.5724,-0.52926
1.0284,-0.84216
0.66258,-1.1667
-0.40948,-0.97556
-0.53397,-1.2126
0.66963,-1.0926
-0.29144,-1.0697
0.66984,-0.95207
0.93688,-0.46072
0.96268,-0.53399
1.2059,-1.1909
0.10861,-0.88064
-0.0041989,-1.1026
-0.49339,-0.54024
-0.097208,-0.98601
1.3223,-0.77829
-0.52944,-0.3929
-0.78224,-0.37159
-0.82514,-0.31681
1.0557,-0.44126
0.40629,-1.2682
1.2712,-0.34728
1.0036,-0.36042
-0.5194,-0.98086
-0.47553,-0.95245
-0.1401,-0.93873
-0.60753,-0.72808
0.64875,-1.0738
-0.20865,-1.65
1.3532,-0.30588
0.20902,-1.2829
0.70626,-0.97396
1.3676,-0.41524
1.4366,-0.45319
-0.32373,-0.62764
0.29478,-1.2018
-0.40028,-0.91069
1.1374,-1.0582
1.1154,-1.0602
1.321,-0.40404
1.2923,-0.30396
0.76737,-0.85204
0.93043,-0.91848
0.16977,-1.0266
1.3055,-0.92657
1.1558,-0.68246
0.88735,-0.92342
-0.56126,-0.16416
-0.33584,-0.8316
-0.13872,-1.1063
1.0892,-0.8109
-0.10919,-0.98841
-0.2886,-0.83159
1.5038,-0.85935
-0.54591,-0.31988
0.96031,-0.69683
-0.3712,-0.25868
-0.17699,-0.84746
0.51237,-1.1509
-0.60289,-0.63427
1.134,-0.9623
1.4419,-0.47988
0.93805,-0.9484
1.1612,-0.7279
0.96989,-0.96744
0.46211,-1.2485
-0.62749,-1.004
-0.92213,-0.76493
-0.40205,-0.67156
-0.84007,-0.27262
0.76799,-1.1793
-0.47022,-0.38347
0.89543,-1.1634
1.1728,-0.83912
1.1857,-0.50141
0.37856,-1.1736
0.25109,-1.2016
0.66915,-1.0823
0.36226,-1.0988
-0.44972,-0.70234
0.11038,-0.94729
0.14654,-1.0222
1.3796,-0.11565
-0.19309,-0.95827
0.25299,-1.1996
1.2181,-0.65428
0.63792,-1.2055
-0.41562,-1.0007
0.14082,-0.87015
-0.38717,-0.80666
0.71912,-1.1138
1.3247,-0.43034
0.34306,-1.2387
0.25289,-1.1213
-0.51114,-0.31946
-0.66767,-0.4488
-0.12137,-1.1303
0.52498,-0.94271
1.3668,-0.34338
-0.29172,-0.58595
-0.49727,-1.0275
1.2167,-0.70605
0.50652,-1.3906
0.86567,-0.90171
0.76448,-1.646
-0.63576,-0.9066
0.94516,-1.0226
1.0224,-0.8489
-0.10013,-0.84098
1.3091,-0.58972
0.9873,-0.1016
-0.85895,-0.5319
-0.11529,-0.87421
0.62957,-0.95092
-0.43505,-0.28081
-0.20134,-1.2252
-0.011599,-0.90674
0.47047,-0.99926
0.49856,-1.0993
-0.25395,-0.63207
1.2493,-0.67588
-0.24043,-0.80812
0.74714,-0.83596
-0.27323,-1.0716
-0.20208,-0.99335
1.261,-0.36082
1.1204,-0.85246
1.2667,-0.28679
0.22212,-1.0212
1.1644,-1.0298
-0.61652,-0.32215
1.283,-0.67061
0.53831,-1.2762
0.91409,-0.79578
0.3594,-1.2137
0.35092,-1.3442
1.2053,-0.52809
-0.23131,-0.79547
1.1683,-1.232
-0.697,-0.64642
-0.55936,-1.01
-0.27768,-1.4356
1.1608,-0.63203
-0.57841,-0.72057
0.2091,-1.0151
-0.097745,-0.91686
-0.064817,-1.0789
1.1374,-0.76626
1.4166,-0.55747
0.92458,-0.86959
1.031,-0.87217
0.83254,-1.5152
-0.7247,-0.23882
0.25362,-1.3646
1.367,-0.63142
1.1446,-0.69873
-0.36809,-0.7485
0.36177,-1.3727
-0.56892,-0.28356
-0.38098,-0.35185
0.90581,-1.2648
-0.48637,-0.44509
-0.33898,-1.1202
-0.48422,-0.67519
1.2551,-0.76925
-0.96144,-0.65053
-0.076511,-0.90319
1.088,-0.98228
1.031,-0.95163
0.077829,-1.2275
1.1653,-0.83124
0.088873,-0.94335
-0.46391,0.0078767
0.17407,-1.5086
0.99443,-1.5161
1.0521,-0.8305
1.5875,-0.17357
0.48616,-0.93703
0.9765,-0.96631
-0.14621,-1.143
0.98097,-0.20152
-0.38609,-0.4987
-0.85013,-0.29444
0.99335,-0.81994
-0.56286,-0.45197
1.2205,-0.15698
0.51736,-0.93586
-0.52047,-0.97025
-1.0237,-0.52802
1.1858,-0.72596
0.35003,-1.0713
-0.45734,-0.91034
1.0917,-0.88296
0.63196,-0.97829
0.4056,-1.0864
-0.34101,-1.086
1.0751,-0.86978
-0.72092,-0.66239
1.0237,-0.94914
0.99524,-0.59057
-0.079373,-1.1041
-0.54773,-0.78165
1.0956,-0.99099
-0.50831,-0.6961
-0.83285,-0.42029
-0.57536,-0.18804
-0.72179,-0.51269
-0.13902,-0.73016
-0.58149,-0.7665
0.21072,-1.3762
0.84824,-0.92118
0.4156,-1.1931
0.2774,-1.3287
0.2426,-1.5807
1.2618,-1.179
1.0225,-0.49185
1.2489,-0.92122
-0.72551,-0.37495
-0.21805,-1.2174
1.2046,-0.75581
-0.1123,-0.94931
0.15016,-1.2353
-0.736,-0.72001
-0.49,-0.30502
-0.45014,-0.6997
0.11668,-1.0486
-0.013875,-1.5151
0.21175,-1.2345
1.0137,-0.87463
-0.59511,-0.45964
0.96868,-0.65212
0.0031974,-1.1036
-0.46958,-0.84094
0.77179,-1.1849
-0.84133,-0.82965
0.38608,-1.0771
1.1566,-0.46541
1.2257,-0.61256
-0.40892,-0.55969
0.4538,-0.98651
0.96997,-0.90454
-0.22969,-0.99091
0.011952,-0.90095
0.45969,-0.94983
1.3439,-0.33647
-0.68688,-0.55603
-0.019413,-1.0791
0.92109,-0.90887
0.031316,-1.184
0.473,-1.1254
0.088774,-0.83815
0.18928,-0.8984
1.1608,-0.71967
0.263,-0.9319
-0.65545,-0.72946
0.30169,-1.0945
0.87241,-1.0958
-0.11257,-1.0579
0.88476,-1.1715
-0.44911,-0.89494
0.46338,-1.2861
1.2635,-1.04
0.28904,-0.79566
-0.38031,-0.58294
-0.59074,-0.48103
0.8902,-1.4149
0.30153,-0.94082
-0.58453,-0.84914
0.28192,-1.2959
1.1784,-0.76761
-0.99548,-0.41878
-0.79884,-0.34754
-0.011359,-0.96152
0.17927,-1.0589
-0.13765,-0.81767
1.3263,-0.8711
0.98021,-0.76963
0.38597,-1.1919
1.0978,-0.6747
0.21134,-0.80873
-0.70576,-0.2189
1.1972,-1.2606
1.0712,-0.80388
-0.89778,-0.26636
-0.0059609,-0.98215
0.77323,-1.2726
1.2608,-0.1397
-0.62229,-0.53784
0.58468,-1.2034
0.72899,-1.3899
-0.64505,-0.26503
-0.99992,-0.5303
-0.14623,-1.1469
0.8728,-1.3083
-0.45059,-0.754
1.1539,-0.7142
-0.40907,-0.83574
1.0858,-0.011308
0.75862,-0.994
-0.16952,-0.95234
1.3492,-0.36014
-0.98295,-0.57259
1.3118,-1.1305
0.47782,-0.9733
-0.074947,-0.97897
0.0518,-1.1056
0.68097,-1.4579
-0.43073,-0.75269
1.3953,-0.21412
0.45158,-0.98127
-0.45976,-0.71445
0.82977,-1.0956
-0.33138,-1.0019
0.79488,-1.1149
-0.83501,-0.062197
0.243,-0.99586
0.65234,-1.1891
-0.015552,-0.79468
-0.15795,-1.2804
0.291,-1.1586
0.80965,-0.75615
1.4317,-0.78375
-0.38721,-1.0318
1.2688,-0.070219
-0.14247,-0.99124
-0.16155,-0.81607
1.1547,-0.45909
1.0606,-0.39892
-0.37905,-0.65306
1.3592,-0.56268
1.3108,-0.30283
-0.04307,-0.67019
0.19093,-1.2662
-0.66646,-0.54035
-0.6569,-0.305
-0.68031,-0.4075
-0.70755,-0.26453
-0.85046,-0.84278
1.1276,-1.3703
0.53112,-1.1518
1.0303,-0.77625
0.33971,-0.98751
1.0178,-0.89942
-0.36393,-0.88793
-0.35919,-0.59874
-0.65334,-0.25142
-0.35911,-0.73316
0.6626,-1.2312
1.2962,-0.61801
-0.83935,-1.0629
-0.30878,-0.82283
-0.59315,-0.6215
-0.56947,-0.291
0.029576,-0.94328
-0.69655,-0.32357
-0.36964,-1.1182
1.5551,0.084785
0.88802,-0.90675
-0.3737,-0.41182
1.0552,-0.3341
0.08949,-1.5529
0.62221,-1.0242
0.80039,-1.3214
0.97435,-0.81617
0.75423,-1.1586
-0.4177,-0.075329
-0.49611,-0.18271
-0.5454,-0.60841
1.4981,-0.65101
1.3302,-1.2554
1.0257,-0.87145
-0.25317,-1.0653
-0.55361,-1.0562
-0.026872,-0.83448
0.30241,-1.8716
-0.49546,-1.0828
1.1654,-0.97276
-0.71291,-0.093646
-0.27308,-1.1245
1.4236,-0.58985
0.93167,-0.90284
0.46832,-0.74468
1.2637,-0.26373
0.23874,-1.529
0.94114,-1.0157
-0.37419,-0.62141
-0.20186,-0.94352
-0.40137,-0.33284
0.1142,-1.2259
-0.033842,-0.99854
-0.13438,-0.94885
0.50373,-0.83481
1.4057,-0.21493
-0.22724,-1.2062
-0.5905,-0.5863
0.21087,-1.1444
-0.52986,-0.32761
-0.67524,-0.79287
-0.68778,-0.38844
1.1686,-0.44134
0.99992,-0.89688
0.62542,-0.81908
1.3959,-0.69953
1.0557,-0.8298
-0.68406,-0.099967
0.65753,-1.6415
-0.86649,-0.22088
0.019426,-1.2404
-1.0144,-0.32593
1.1016,-0.12915
-0.63655,-0.47224
1.26,-0.023586
1.2811,-0.58768
0.040509,-1.1274
-0.90583,-0.7465
-0.22491,-1.118
0.10592,-1.1484
-0.47053,-0.91636
0.50817,-0.90244
0.20273,-1.1737
1.1629,-0.43019
0.99926,-1.3557
1.3914,-0.64071
-0.09123,-1.0753
-0.11324,-1.046
0.53058,-1.0372
-0.50254,-0.50539
-0.6569,-0.59908
1.1368,-0.87474
1.1098,-0.76179
0.79496,-1.1394
-0.36564,-0.7971
0.19463,-1.0616
1.2802,-0.20266
0.81225,-0.39715
-0.46121,-0.98798
1.087,-0.9748
-0.3911,-0.3768
-0.22813,-0.5558
-0.40792,-1.3401
0.91275,-1.0766
1.0775,-0.2444
-0.44569,-0.73522
0.99222,-1.1182
0.32936,-1.5947
-0.37619,-0.97629
1.4862,-0.40405
-1.2432,-0.54041
-0.51063,-0.74391
1.2986,-0.2151
1.368,-0.59821
-0.11983,-1.103
1.3019,-0.59027
1.0706,-1.2391
1.446,-0.58166
-0.28764,-1.013
-0.63481,-0.26732
-0.74134,-0.6
0.15772,-1.0735
0.039867,-1.0628
0.51806,-1.2153
1.2634,-0.41208
1.357,-0.21839
1.4123,-0.34452
0.50822,-1.0828
1.3107,-0.35883
-0.79545,-0.44856
1.395,-0.041653
-0.35618,-0.85204
0.36625,-1.5144
-0.41359,-0.61759
0.23461,-0.99091
1.0918,-0.14829
0.49619,-0.91967
-0.89384,-1.1005
-0.81215,-0.74552
0.23874,-1.1334
0.012793,-0.77347
1.4282,-0.56581
1.4855,-0.24563
1.3798,-0.37303
0.12517,-1.0833
1.2821,-0.53933
-0.5075,-0.26614
0.8276,-0.7241
1.0723,-0.81198
-0.58013,-0.77436
0.72036,-0.98556
1.4244,-0.43444
-0.60921,-0.22997
-0.22209,-1.3965
0.61495,-1.1978
0.8529,-0.85317
-0.063399,-0.99772
0.99646,-1.0545
-0.66068,-0.066258
1.293,-0.14188
1.1689,-0.8135
0.89582,-1.3243
1.4324,0.022549
-0.60461,-0.51066
-0.34104,-0.66901
0.98054,-0.63423
0.71151,-1.2795
-0.11798,-0.82282
-0.10914,-1.1699
-0.4293,-0.22768
-0.45363,-0.82245
1.301,-1.1569
-0.024034,-1.448
-0.74038,-1.0705
0.62987,-1.2573
-0.58314,-1.0982
-0.47452,-0.85267
-0.605,-0.087006
0.82203,-0.83836
1.4038,-0.7316
0.61148,-0.81333
1.1142,-1.0549
-0.76141,-0.536
1.3286,-1.2174
0.00054399,-1.3249
1.1962,-0.77983
-0.59645,-0.82931
-0.013019,-0.93583
0.76744,-1.0173
-0.10544,-0.96276
0.70781,-1.2404
-0.32933,-0.97635
-0.7228,-0.69774
-0.6268,-0.086825
-0.65983,-0.74712
0.8833,-0.98521
0.94437,-0.60306
-0.56934,-0.54037
-0.50644,-0.22303
1.5387,-0.35482
0.15906,-0.87511
-0.39125,-0.46885
0.97228,-1.0978
-0.6735,-0.61197
-0.86045,-0.16259
0.52039,-1.0254
1.0291,-0.49119
1.5341,-0.41089
1.0245,-0.74944
0.39214,-1.4003
1.3046,-0.65552
-0.28555,-0.89859
0.81853,-0.85278
-0.4569,-0.76175
0.88137,-1.3557
-0.21755,-0.80137
-0.0030763,-1.1416
-0.79011,-0.28944
0.2702,-1.2111
1.0189,-0.69745
1.4573,-0.32672
0.73048,-0.77264
-0.2203,-1.3674
1.3492,-0.52695
1.1823,-0.79241
-0.053859,-0.96765
-0.4318,-1.0108
0.84259,-0.82238
-1.1557,-0.60677
-0.39918,-0.82588
0.16859,-1.0823
0.15531,-0.94164
0.29875,-1.1635
-0.16694,-0.57784
1.0932,-0.5898
-0.69189,-0.17691
-0.52449,-0.95759
0.62715,-1.0091
0.98095,-0.90177
0.44906,-0.80247
0.0091341,-1.093
1.2023,-1.1839
-0.44469,-0.023522
0.82731,-0.95069
0.33588,-1.0698
-0.59967,-0.59943
-0.37522,-0.857
-0.12747,-0.91823
0.062095,-1.066
0.95403,-1.0305
-0.34857,-1.1107
-0.010913,-1.0445
1.4047,-0.065881
1.4416,-0.079643
-0.45747,-0.92479
-0.079795,-1.1511
-0.29401,-1.1606
1.4055,-0.13059
-0.47255,-0.90132
1.4052,-0.28053
-0.25338,-0.81826
-0.60513,-0.14764
1.0261,-0.24073
-0.16413,-1.1195
0.53695,-1.2551
-0.67124,-0.47416
-0.32604,-0.96402
-0.30345,-0.62171
1.3332,-0.33814
0.9117,-0.78845
0.59944,-1.038
0.2891,-1.1818
0.89324,-0.66903
1.4433,-0.37365
-0.24087,-1.3681
-0.79148,-0.027853
1.4086,-0.59907
-0.77169,-0.0053767
1.0081,-0.79931
1.113,-0.3816
-0.59016,-0.77705
-0.31006,-0.81635
0.016446,-1.0077
0.36172,-1.2704
1.2719,-0.40951
0.16311,-1.3757
1.3472,-0.69096
1.2881,-0.34529
-0.49497,-0.81842
-1.0381,-0.26822
1.3439,-0.44119
-0.35154,-0.97228
-0.81096,-0.77612
0.20936,-1.0028
1.362,-0.63091
0.87415,-0.92282
1.162,-0.71895
0.67811,-1.1132
-0.15108,-0.98324
1.4232,-0.60982
1.3268,-0.13695
0.69458,-1.3643
0.83759,-0.79682
1.0412,-1.2227
1.0804,-0.63595
1.4413,-0.087996
-0.7026,-0.41508
-0.095985,-0.97644
0.34581,-1.1034
-0.48277,0.090641
1.127,-0.95628
0.91895,-0.99055
0.69816,-0.80876
-0.82287,-0.37079
1.3811,-0.088426
-0.6481,-0.57148
-0.52389,-0.29486
1.2672,-0.62429
-0.75928,-0.57439
-0.0099305,-0.9188
0.037718,-0.91089
-0.58825,-0.058331
-0.37109,-0.71995
1.2341,-0.6265
1.16,-0.55937
1.1958,-0.56279
0.5594,-0.81116
0.56767,-1.0577
0.75315,-1.034
0.58674,-1.091
0.81683,-1.2347
-0.031965,-0.81866
0.13526,-1.0614
-0.72404,-0.12539
-0.42955,-0.74865
0.072103,-1.21
-0.84195,-0.87874
0.59645,-0.99214
1.4478,-0.92773
-0.29014,-0.65858
0.98061,-0.80829
-0.49972,-0.32393
0.46996,-0.97994
0.8744,-0.98163
-0.36287,-0.78092
-0.32916,-0.81378
1.1066,-0.65825
-0.72167,-0.54598
0.59658,-1.2177
-0.60507,-0.62668
-0.45356,-0.84118
-0.39525,-0.88477
0.4864,-0.95082
-0.33307,-0.83802
1.452,-0.51177
-0.042424,-1.0493
0.59313,-1.0298
0.064815,-0.87435
1.242,-0.33602
-0.80378,-0.50759
1.0981,-0.40555
0.20033,-1.4046
0.60154,-1.1987
-0.55047,-0.75314
-0.46085,-0.17307
-0.48312,-0.47919
0.6375,-1.1505
1.3174,-0.66463
0.26701,-0.92842
1.2263,-0.61062
1.0912,-0.82294
-0.31082,-1.0462
0.65905,-1.1571
0.8092,-0.50137
-0.51497,-0.76305
-0.67928,-0.45686
1.1098,-1.0611
1.1268,-0.51657
0.98026,-0.97257
-0.59676,-0.22587
-0.031701,-0.78818
1.3113,-0.80479
-0.6421,-0.50645
1.3536,-0.72907
0.9091,-1.087
1.3673,-0.77184
0.18484,-0.97988
-0.30289,-0.85952
0.66359,-1.874
0.2382,-0.8578
-0.59781,-0.59296
0.40956,-1.0593
0.16074,-0.83609
-0.39155,-0.81218
0.76512,-0.94837
0.058704,-0.98289
1.0292,-1.2981
1.4148,-0.62495
-0.56355,-0.73136
1.0219,-0.79844
-0.7991,-0.83404
1.2395,-0.78589
0.77276,-1.6725
1.4834,-0.13066
1.311,-0.26564
-0.17351,-1.4056
-0.66305,0.081529
0.086562,-1.0943
1.4163,-0.38727
0.80397,-1.0312
-0.26556,-1.0868
1.2527,-0.28117
1.3901,-0.68151
1.2731,-0.4012
0.87834,-1.3694
0.92451,-0.87569
1.2942,-0.91978
0.65986,-1.5038
1.2857,-0.44838
0.73182,-0.90358
-0.32019,-0.66372
1.4849,-0.51283
-0.36994,-0.89351
-0.82414,-0.43657
0.66873,-0.89784
1.4815,-0.1268
0.56767,-1.0529
0.26353,-1.1874
-0.40779,-0.60764
-0.83288,-0.19415
0.38576,-1.0372
-0.81959,-0.75066
-0.54027,-0.055431
0.89621,-1.1673
-0.84733,-0.29833
0.76435,-1.0823
1.2256,-0.72746
-0.8929,-0.27007
0.893,-1.0039
0.79433,-1.7471
-0.59372,-0.57492
-0.63416,-0.67029
1.4005,-0.21107
0.73783,-0.91468
-0.92994,-0.72174
-0.19874,-1.0839
-0.56796,-0.51805
-0.66293,-0.52341
0.89684,-0.88253
-0.17696,-1.0786
1.087,-0.43976
-0.09524,-0.66317
-0.4608,-0.65951
0.56502,-1.0919
-0.63086,-0.22792
1.1141,-0.26375
-0.36803,-0.0039091
0.48172,-1.3075
-0.2888,-0.79434
-0.17056,-0.98873
1.1042,-0.69422
1.5915,-0.237
0.55212,-0.98628
-0.28556,-0.56155
1.1419,-0.85369
0.87997,-0.90071
1.2605,-0.32664
1.1491,-0.34195
-0.048048,-0.88431
-0.39619,-0.31402
-0.58348,-0.67618
0.41751,-1.3568
-0.52815,-0.83272
1.2579,-0.41549
0.20174,-1.1652
-0.70031,-0.33873
-0.83478,-0.34667
0.73796,-1.059
0.058323,-1.1312
-0.39445,-0.8795
0.37629,-1.4211
1.4493,-0.19849
0.11361,-1.2602
1.0563,-1.0988
-0.41448,-0.31218
0.4175,-1.1727
0.14403,-1.3306
-0.49495,-0.21769
0.61477,-1.1118
1.293,-0.013681
0.62405,-0.94806
-0.34859,-1.2409
-0.012863,-1.1313
1.3985,0.0090449
0.89935,-0.83254
0.75234,-0.97586
1.0392,-1.1247
0.30076,-1.1682
-0.54029,-0.16304
0.18319,-1.1004
-0.53449,-1.0767
1.5402,-0.40562
0.34473,-1.1865
1.0038,-0.90963
-0.6395,-1.1493
-0.39681,-0.95642
1.1212,-1.0618
0.64279,-1.081
-0.016279,-1.3954
-0.45181,-0.92391
1.5414,-0.20012
1.3104,-0.59278
1.2676,-0.52133
-0.87315,-0.28906
-0.79246,-0.1557
1.2314,-1.0722
1.3243,-0.19568
0.46463,-1.0737
0.14284,-1.1656
1.3945,-0.71342
-0.44167,-0.78175
0.23768,-1.3404
-0.72455,0.023161
1.3049,0.035336
0.052133,-1.1827
-0.55548,-0.96053
1.1814,-0.58715
0.21001,-1.107
-0.034862,-1.3344
0.98398,-0.2797
0.9564,-0.61113
0.95962,-0.67316
0.92007,-0.8774
-0.15525,-1.2649
-0.55365,-0.68296
0.4005,-0.91569
1.6456,-0.14721
1.3149,-0.81699
1.1851,-0.26491
-0.6264,-1.1008
-0.56699,-0.65204
-0.33026,-0.511
-0.16503,-1.0653
-0.30752,-0.25803
0.39255,-1.1244
0.00050974,-0.77224
0.88373,-1.3428
-0.82185,-0.38572
1.4626,-0.040868
0.62778,-0.95201
0.8012,-0.75596
1.3696,-0.56201
-0.49976,-0.63785
1.1776,-0.25692
-0.33663,-0.65133
-0.18466,-1.5792
0.70254,-1.2805
-0.39245,-0.36597
0.56979,-1.0276
1.1466,-0.95326
-0.58587,-0.38769
-0.60164,-0.29795
0.86423,-1.005
-0.19476,-1.3068
-0.56691,-0.26232
0.23909,-1.1546
0.75743,-1.2086
-0.67387,-0.3097
-0.23421,-1.2115
1.1952,-0.6096
0.52809,-1.3612
0.70851,-0.30742
0.40179,-1.3422
-0.2077,-0.9451
0.29965,-1.0698
0.95182,-1.2418
1.6324,-0.47707
-0.093135,-0.98541
1.0925,-0.93232
-0.20505,-1.5054
0.39247,-1.1614
1.4978,-0.068719
-0.4717,-0.41324
0.69639,-1.1316
1.2672,-0.95166
1.2124,-0.59919
0.58157,-0.96452
1.2548,-1.0443
-0.024518,-1.0695
-0.61813,-0.28193
-0.63818,-0.66318
1.2358,-0.76727
-0.40423,-1.2023
-0.1747,-1.651
0.40259,-1.3694
-0.12118,-0.91542
0.59657,-1.1291
1.2925,-0.86628
-0.88571,-0.57514
0.2458,-0.98942
-0.53488,0.028196
1.3518,-0.61123
0.40144,-0.99606
-0.29885,-0.79227
0.95155,-0.8514
-0.60619,-0.57001
1.3729,-0.2383
-0.15369,-0.99957
-0.34311,-0.99941
0.37484,-1.1429
1.0826,-0.81684
-0.2079,-0.63437
0.50851,-1.0788
1.0314,-0.48144
-0.5437,-0.62549
0.47066,-1.3883
0.91763,-1.0397
-0.10168,-0.91471
-0.39886,-0.88962
-0.62034,-0.17755
0.48256,-0.96789
-0.87906,-0.39167
-0.15426,-0.96626
-0.44726,-0.50784
-0.12711,-0.93375
1.4838,-0.45924
-0.71753,-0.29542
-1.547,-0.53338
0.81022,-1.3139
-0.60912,-0.6762
-0.52325,-0.70408
0.25072,-0.91718
0.36068,-1.2874
1.2515,-0.52477
0.31411,-1.1192
-0.41414,-0.38919
0.99237,-0.441
-0.10387,-0.88201
-0.38131,-0.75424
-0.068824,-0.99363
-0.81885,-0.91795
1.2388,-0.63931
-0.67695,-0.94866
-0.27044,-1.0476
-0.69597,-0.42263
1.3821,-0.83864
1.3411,-0.10814
-0.47988,-1.127
0.32827,-1.0844
0.96495,-1.1115
1.0097,-0.51023
0.53492,-1.0722
1.4234,-0.69085
1.0504,-1.0983
0.46771,-1.1998
-0.66523,-0.74463
1.1538,-0.20183
-0.70835,-0.59697
-0.56887,-0.32872
0.95607,-0.62645
0.25793,-1.1184
0.73721,-1.1245
-0.38635,-0.50536
1.3324,-0.27602
1.22,-0.37394
-0.54276,-1.0018
1.3719,-0.47879
0.044164,-1.3451
0.041459,-0.9432
-0.44078,-1.0353
-0.4214,-0.81451
-0.36272,-0.90088
-0.52832,-0.44388
1.3596,-1.074
1.1586,-0.4259
-0.74952,-0.56966
1.4704,0.056659
-0.73849,-0.42426
1.1639,-1.074
1.3776,-0.44389
-0.34778,-0.77329
-0.6336,-1.1116
1.4099,-0.2147
0.9361,-0.83094
-0.53633,-0.57438
0.086293,-1.1693
0.43602,-1.2537
0.044001,-0.85197
1.3009,-0.2603
1.4097,-0.15841
0.91062,-1.0625
1.3173,-0.54127
-0.84261,-0.7049
1.0417,-0.21408
-0.91109,-0.20001
-0.707,-0.24872
-0.050595,-1.1786
-0.17726,-0.52563
-0.20879,-1.6287
-0.1634,-0.58228
-0.50526,-0.30318
0.40364,-1.3024
0.97361,-0.41414
0.7851,-1.584
-0.66075,-0.8442
0.92931,-0.65665
-0.28774,-0.88964
0.8802,-0.97923
0.051414,-1.3283
0.11713,-0.90545
0.26382,-1.0386
-0.9177,-0.75861
1.3892,-0.40475
0.57037,-1.0201
1.4217,-1.1164
0.14269,-1.1309
-0.31387,-1.1382
-0.72025,-0.30154
-0.39098,-0.58134
1.2212,-0.72472
-0.60893,-0.73312
0.46978,-0.90858
-0.66019,-0.0011435
0.76907,-0.5257
1.2665,-0.57206
-0.12382,-1.0441
-0.028314,-1.7825
-0.13032,-1.1111
-0.11375,-0.80037
-0.4399,-0.3736
-0.30761,-1.257
-0.53833,-0.64282
0.37111,-1.1649
0.18708,-1.3381
1.2792,-0.67062
0.83363,-0.99209
-0.7471,-0.7299
0.17805,-1.1062
1.5459,-0.62157
1.0214,-0.8301
-0.57287,-0.71936
1.4807,-0.84457
0.83764,-1.2346
1.0315,-1.0555
-0.72022,-0.23044
1.29,-0.7777
0.58072,-1.1715
-0.29106,-0.89126
0.95565,-1.0207
0.18339,-1.2578
-0.12699,-0.97438
0.058737,-0.97895
1.5005,-0.057658
0.81122,-0.98423
1.5356,-0.37608
0.45284,-1.4685
0.35394,-1.0761
0.96758,-0.70344
0.79914,-1.4955
-0.2396,-0.68387
1.0628,-1.0249
0.79793,-1.2094
-0.2588,-0.76482
-1.1201,-0.49641
-0.46818,-1.3971
1.3731,-0.82054
1.298,-0.62939
0.79511,-0.90958
-0.19035,-0.88932
-0.21972,-0.6303
0.14248,-1.7711
1.1986,-0.77029
0.2936,-1.0354
0.94955,-0.74947
-0.57912,-0.46757
0.10825,-1.4406
-0.28499,-0.062943
-0.48059,-0.26399
1.2283,-0.16475
-0.71035,-0.84578
-0.26148,-1.1757
-0.54317,-0.84269
-0.50011,-0.32508
1.2633,-0.68731
1.16,-0.96666
-0.69615,-1.1324
0.99389,-0.7906
1.4484,-0.81196
-0.20086,-0.73716
-0.4465,-0.36655
-0.54218,-0.52781
1.1151,-0.13068
-0.20728,-0.87162
-0.56918,-1.465
1.3424,-0.95497
0.43996,-1.0412
0.49352,-1.2972
1.3721,-0.47547
0.074123,-1.0338
0.57876,-1.3063
1.1636,-1.0004
0.48539,-1.0973
1.4507,-0.64495
-0.73194,-0.32236
1.1179,-0.59516
0.0077461,-1.048
1.5258,-1.1839
0.96518,-0.97052
0.87025,-0.67118
0.50505,-1.2188
-0.46054,-0.71284
-0.84604,-0.23253
1.5521,-0.57426
1.1743,-0.62503
0.63591,-1.155
1.0605,-0.7234
0.83532,-1.0736
0.41247,-1.0103
-0.29289,-0.80494
1.2683,-0.58954
0.46536,-1.1099
-0.85634,-0.17073
1.0363,-0.90548
-0.048162,-0.8332
-0.85528,-0.71241
-0.46386,-0.38592
0.92148,-1.0209
0.81462,-1.0799
-0.7263,-0.46017
-1.5748,-0.94774
0.53732,-0.8667
1.1027,-0.79423
-0.050122,-1.3815
0.03047,-0.92549
1.2415,-0.64222
0.95149,-1.0864
-0.73266,-0.47999
-0.55701,-1.0403
-0.36935,-0.89638
-0.34721,-0.59786
1.1178,-0.47791
1.2993,-0.36507
-0.48663,-0.9361
-0.61679,-0.48031
0.80294,-1.2926
0.61777,-1.2026
-0.697,-0.64473
-0.25757,-1.0792
0.13173,-1.0391
-0.71873,-0.44581
-0.17719,-1.1126
1.1751,-1.5416
0.93879,-0.60396
0.9432,-0.7435
0.71008,-1.2273
0.90414,-1.2541
1.3769,-0.25346
1.3304,-0.20653
-0.049807,-1.1342
0.29777,-1.2824
0.4867,-1.0227
0.98043,-1.2729
-0.38692,-0.28483
0.92312,-0.056825
1.3369,-0.36806
1.2753,-0.68225
1.3045,-0.30476
-0.45811,-0.49236
-0.63964,-0.84391
-0.38438,-0.61265
0.32613,-0.98282
-0.44529,-0.26569
0.58572,-0.98563
-1.0182,-1.1371
0.044049,-1.1784
-0.45334,-0.51052
0.2955,-1.2899
-0.22165,-0.91137
0.49253,-1.3304
0.60373,-1.5399
1.2033,-0.39397
0.72632,-1.1928
0.035428,-0.96657
-0.37592,-1.0217
1.2325,-0.55906
0.52137,-0.83102
0.83796,-1.0675
-0.50503,-0.84251
-0.97913,-0.3198
-0.68518,-0.28505
1.2443,-0.31582
0.40322,-1.4032
-0.11129,-1.0376
1.0619,-1.1664
1.2787,-0.79298
1.5986,-0.086898
1.2277,-0.1406
1.3758,-0.45988
-0.46709,-0.77883
0.5851,-0.86873
-0.50887,-0.72199
-0.33871,-1.0667
1.1216,-0.68735
0.41605,-1.0402
0.14441,-1.3336
0.72944,-1.1159
0.67134,-1.1321
0.74464,-0.35778
0.56046,-0.96488
1.1124,-0.55115
-0.34967,-0.98589
1.1269,-0.5609
0.64392,-0.96015
0.71496,-1.2995
1.0555,-0.94947
0.2343,-0.94741
0.62062,-0.79104
0.64053,-1.0733
0.59097,-1.05
1.0475,-1.0929
0.27162,-1.1261
1.0634,-1.029
1.1998,-0.28235
1.1263,-0.65161
-0.47978,-0.77493
0.27403,-1.3404
-0.66207,-0.60633
1.1463,-0.86019
1.6227,-0.62189
0.78089,-0.91501
0.98131,-0.91924
1.1596,-0.97247
1.1262,-0.80755
1.2429,-0.6423
1.0483,-0.41309
-0.43778,-0.31128
1.3388,-0.24226
-0.053594,-1.0146
1.0289,-0.28199
-0.77761,-0.28489
0.19661,-0.91846
1.034,-1.0585
0.17246,-0.93647
0.89407,-1.2833
-1.0508,-0.27094
0.086158,-0.8349
-0.074956,-1.0647
0.087174,-1.269
-0.12131,-0.9082
-0.59771,-1.128
-0.50798,-0.90559
0.089237,-1.1888
1.4009,-0.12012
0.64825,-1.0135
1.1528,-0.5368
-0.50853,-0.1433
1.2915,-0.9136
-0.56316,-1.1583
-0.6977,-0.22941
-1.0146,-0.52186
0.093692,-1.1799
1.3512,-0.31292
-0.40774,-0.81677
1.414,-0.3795
-0.34205,-0.6448
1.3092,-1.1696
0.58389,-0.94483
0.41257,-1.4019
1.4618,-0.8137
1.2032,-0.90573
0.606,-1.1751
0.40536,-1.1662
-1.016,-0.64305
-0.1475,-1.0175
0.62801,-1.094
1.0212,-0.93987
-0.47318,-0.72127
-0.25743,-0.59722
0.30769,-1.1022
-0.59348,-1.1018
0.81086,-0.7028
-0.41872,-1.0005
-0.64004,-0.31954
1.1665,-0.48445
-0.3045,-0.79542
-0.25797,-0.86871
0.61349,-1.2469
1.387,-0.25704
0.048029,-0.92504
1.1081,-0.72123
-0.58084,-0.80858
1.4255,-0.6007
0.91488,-0.2721
-0.378,-0.81292
0.99436,-0.98185
1.2717,-0.43521
1.5553,-0.33321
-0.42835,-0.96866
1.1669,-1.5828
0.16061,-1.3714
1.3215,-0.92468
0.50706,-1.0408
0.72078,-1.0211
1.2776,-0.78153
0.048523,-1.2959
0.67904,-0.98346
0.12279,-1.301
-0.59667,-0.15907
1.13,-0.98673
1.361,-0.44265
-0.39606,-0.89325
0.74081,-1.3344
0.31238,-1.5128
1.3193,-0.39701
-0.99426,-0.46571
0.55999,-1.1423
1.3702,-0.62526
0.081603,-0.85824
-0.7445,-0.71957
0.27359,-1.1637
0.88166,-0.47332
-0.33508,-0.78543
-0.50926,-0.19372
0.60435,-1.1128
-0.5182,0.072703
0.94558,-0.75029
0.36804,-1.2529
-0.95994,-0.75441
0.34971,-1.1156
1.0708,-1.1745
-0.65224,-0.32622
1.4427,-0.043423
-0.36592,-0.88436
-0.73373,-0.0057788
0.40303,-1.7124
1.4914,-0.44674
-0.63739,-0.20714
1.4129,-0.12169
1.1816,-0.29854
1.3464,-0.73146
0.28929,-0.99167
-0.088898,-1.1201
0.3795,-1.3525
0.76896,-1.3917
1.3189,-0.34932
1.4577,-0.13055
0.43059,-1.8866
-0.5037,-0.56555
-0.32318,-1.0694
-0.7105,-0.70199
1.3877,-0.18252
-0.53947,-1.2158
0.83727,-0.88949
-0.74366,-0.0075692
0.11867,-1.1755
-0.39384,-0.96169
1.1998,-1.0241
-0.73364,-0.7494
0.25047,-1.0687
1.3818,-0.34089
-0.26115,-1.1333
0.70557,-0.783
1.1887,-0.45779
-0.05861,-0.90568
-0.082585,-1.1038
1.5704,-0.28914
-0.40318,-0.31785
-0.44428,-0.7553
1.467,-0.67458
0.023597,-0.92465
0.81499,-0.011462
-0.65096,-0.2648
0.87165,-0.71606
1.4227,-0.61287
1.0346,-0.94387
1.1821,-0.62697
-0.61285,-0.2911
-0.12913,-1.7353
-0.14568,-1.1628
-0.17083,-1.3303
0.11705,-1.3264
-0.59437,-0.38037
-0.14444,-1.002
0.63933,-1.0419
0.71344,-1.0131
0.065717,-1.0271
-0.86129,-0.28815
1.506,-0.38201
-0.33397,-0.97555
-0.44485,-0.96997
-0.70999,-0.8085
-0.47968,-0.82496
-0.13615,-1.2633
-0.98124,-0.91753
-0.51301,-0.61664
-0.75388,-0.50253
-0.8735,-0.69054
1.2091,-0.31998
-0.92283,-0.089448
1.43,-0.092148
-0.72916,-0.11767
0.88381,-0.67034
1.5635,-0.30268
1.0732,-0.67567
-0.55263,-0.89814
0.97082,-0.77572
1.0832,-0.97885
-0.32246,-0.32427
1.3713,-0.23183
-0.23664,-1.181
1.2411,-0.76143
-0.98078,-0.22548
-0.35284,-0.85144
-0.16277,-1.2444
-0.6909,-0.58169
0.11022,-1.1096
-0.114,-1.1747
1.3064,-0.30024
0.027211,-1.2696
0.75881,-0.94246
0.43923,-0.89961
0.95032,-0.14074
-0.52281,-0.45608
-0.45204,-0.87923
-0.47501,-0.31704
-1.0479,-0.69296
-0.80117,-0.26836
-0.90831,-0.38116
0.57385,-1.0712
-0.074174,-1.4536
1.3256,-0.69098
-0.44636,-0.75005
-0.13492,-0.85674
0.023664,-1.1749
0.32832,-1.1496
1.0808,-0.51918
-0.28481,-1.1934
-0.46699,-0.3249
0.73935,-0.83727
0.82443,-1.0892
1.3766,-0.56333
0.986,-0.52878
-0.62181,-0.0595
1.2797,-0.88679
1.2593,-0.50885
1.0674,-0.99317
-0.30785,-0.6836
1.374,-0.33409
0.51224,-1.0324
-0.37185,-0.39873
-0.20322,-0.74652
-0.19041,-0.83118
0.53193,-1.0183
0.3451,-1.5178
0.43159,-1.2968
-0.64414,-0.42972
-0.37941,-0.73711
0.26333,-1.0165
0.61968,-1.0335
0.42964,-1.3027
-0.24178,-1.2787
-0.73694,-0.26554
0.80332,-0.52078
1.099,-0.78991
-0.57628,-0.48214
0.49053,-1.0992
-0.65412,-0.35712
1.5236,0.10533
-0.045865,-0.8466
-0.4212,-0.33991
-0.65099,-0.78113
-0.16967,-0.80616
0.39607,-1.443
0.52974,-1.0444
0.63133,-0.8304
-0.62757,-0.15858
0.3319,-1.3056
-0.46009,-1.1183
-0.53608,-0.76352
-0.33286,-0.65233
-0.35405,-0.81299
0.88079,-1.3502
-0.26707,-1.3063
-0.48843,-0.36794
0.67799,-1.0641
0.65775,-1.2794
-0.16872,-1.1328
-0.26007,-1.1733
-0.56032,-0.72196
-0.31928,-0.80497
1.0866,-0.90716
-0.41516,-0.95435
1.1876,-1.1137
0.12774,-1.0527
-0.78549,-0.30823
0.42448,-1.2226
-0.48208,-1.0993
1.2596,-0.80884
0.61726,-0.73238
1.083,-0.6598
-0.39511,-0.88062
0.47772,-0.98916
0.79877,-0.86021
0.78354,-1.0562
0.43494,-0.91318
0.74437,-1.0858
-0.033368,-1.0692
-1.1251,-0.34383
-0.2939,-0.6343
1.4832,-0.2619
-0.52341,-0.1644
-0.031316,-0.76451
0.32353,-1.1025
1.3215,-0.51813
0.53271,-1.2504
0.83688,-1.0121
-0.23177,-0.78842
0.28277,-1.5071
1.3192,-0.64865
1.2622,-0.96463
-0.2985,-1.2799
1.1083,-0.10785
-0.66281,-0.59325
0.66249,-0.96686
1.2217,-0.57879
1.1475,-0.84296
0.95768,-1.1589
-0.49666,-0.49311
0.97054,-0.96729
-0.19359,-0.95247
0.75366,-0.84937
-0.15539,-1.0386
1.2795,-0.96626
-1.1752,-0.7222
0.55346,-1.1763
0.52796,-1.3018
1.2669,-1.0435
-0.69149,-0.24498
1.3576,-0.2483
0.70716,-1.3921
0.076791,-1.3713
1.4388,-0.41662
-0.40371,-0.48136
1.1411,-0.64469
0.63273,-0.94206
1.1279,-0.94995
0.66061,-0.80255
-0.84066,-0.44189
0.59877,-0.82378
1.4871,-0.26282
1.4185,-0.36044
1.2071,-0.27198
0.2655,-1.4267
1.0607,-0.90395
1.5303,-0.5244
0.5001,-1.4778
0.74016,-0.96316
0.92445,-0.86399
1.2557,-0.27692
-0.74085,-0.25724
0.1079,-0.93602
1.2533,-0.44039
1.1644,-0.58786
0.35445,-1.0941
1.3165,-0.53851
0.077649,-1.1177
-0.10327,-1.0964
-0.40827,-0.065382
0.90992,-1.0001
-0.70924,-0.16161
0.37009,-1.0427
-0.32322,-0.73603
-0.508,-0.37781
-0.19001,-1.0175
-0.067509,-1.2167
0.99084,-0.94538
-0.47536,-0.8116
1.0722,-0.15112
1.3416,-0.71597
1.4774,-0.87175
-0.54555,-0.99797
1.1655,-0.28872
0.11075,-0.93443
-0.40542,-1.0615
0.47507,-1.0538
-0.079323,-1.0346
0.98262,-0.63295
-0.54945,-0.53761
-0.29172,-0.99055
-0.51673,-0.60825
-0.13323,-0.96684
-0.70892,-0.68374
-0.29535,-1.1591
0.48147,-1.0668
1.2546,-1.0644
-0.34712,-0.956
-0.17258,-0.53979
1.4835,-0.34685
0.29508,-0.78209
1.234,-0.46445
0.18463,-1.6632
0.86151,-0.90471
-0.33837,-0.74948
-0.25729,-0.74227
0.027221,-0.90713
-0.39249,-0.667
0.77452,-0.696
0.37442,-1.1817
-0.90455,-0.3795
0.66092,-1.3599
-0.67784,-0.85149
0.2202,-1.2797
-0.66703,-0.6524
0.43206,-1.3163
0.75422,-1.0926
1.4544,-0.47391
-0.44171,-1.1942
0.26404,-0.95821
1.2357,-0.73892
0.9967,-0.76183
-0.20768,-1.1724
-0.54218,-0.50388
0.24785,-1.0265
-0.096586,-1.0254
-0.59176,-0.80924
-0.68423,-0.18958
-0.63909,-0.40759
0.83601,-0.94774
-0.61873,-0.29357
0.59609,-1.168
-0.58926,-0.88857
0.29607,-1.1843
-0.5071,-0.35981
0.7113,-1.1206
1.5205,-0.5998
-0.26083,-1.0817
-0.21407,-1.3401
-0.57002,-0.67336
1.3109,-0.55958
0.56161,-0.99944
-0.41848,-1.3031
-0.40385,-0.13635
-0.31414,-0.59844
-0.52917,-0.49992
-0.72382,0.017259
1.3213,-0.67315
0.013871,-1.0139
1.1676,-0.58571
1.2868,-1.177
1.419,-0.54306
1.2553,-0.12614
-0.44187,-0.73314
1.2688,-0.32949
-0.12236,-1.3324
0.044582,-0.93977
-0.44444,-0.14316
-0.30709,-0.75933
1.1571,-0.61439
-0.63823,-0.54156
0.37935,-1.1734
1.4017,-0.18852
0.85811,-0.89705
-0.24247,-1.1244
-0.55594,-0.47418
0.29767,-1.149
1.2037,-0.3866
-0.40875,-1.0073
-0.43705,-1.2021
-0.33708,-0.84303
1.1889,-0.50322
-0.51222,-0.63513
0.54497,-1.31
-0.7227,-0.05988
0.53768,-1.1231
-0.12199,-0.94329
0.90361,-0.88964
0.64291,-0.93614
0.76554,-1.5242
0.50798,-0.9098
1.0407,-0.17381
0.67679,-1.1504
-0.49178,-0.24833
-0.36093,-0.58663
1.0882,-0.8955
-0.72285,-0.59883
-0.57612,-0.22712
1.1516,-0.69145
1.2204,-0.80214
-0.011026,-0.99235
0.094386,-1.0763
-0.71915,-0.46101
1.3166,-0.68459
0.81059,-0.91202
0.20179,-1.0889
-0.61706,-0.29949
1.0336,-0.71769
1.0847,-1.2236
0.46352,-1.3805
0.82,-1.0959
1.3867,-0.29225
1.3107,-1.0937
0.55624,-1.3975
0.64928,-1.2029
1.0536,-0.34306
1.3591,-0.39652
0.28829,-0.98583
1.2713,-0.30618
1.1179,-0.50388
-0.42226,-0.98237
0.2615,-0.90259
0.4953,-0.93382
0.53261,-1.3079
-0.49269,-0.70668
1.3608,-0.53632
-0.72841,-0.19324
1.2167,-0.51891
-0.84917,-0.69212
-0.876,-0.55085
-0.50159,-0.98496
0.78392,-0.6537
-0.3913,-0.64179
-0.26312,-1.098
0.40532,-1.1527
1.0798,-0.72735
-0.48409,-1.0212
-0.46638,-0.58313
1.0505,-0.95986
1.3666,-0.35459
0.38004,-1.1363
1.2074,-0.26611
0.98449,-1.0857
0.74926,-0.8519
0.57947,-1.4558
-0.59604,-0.76447
1.105,-1.0669
0.40481,-1.4193
-0.52619,-0.62202
-0.61575,-0.80239
-0.30851,-0.8281
0.41127,-1.207
1.0309,-0.62313
0.6759,-0.98703
0.88673,-1.5978
0.079133,-0.85408
1.3844,-0.70682
0.63359,-1.4137
0.56595,-1.358
-0.20157,-0.83086
0.91915,-0.2897
0.83393,-0.68282
0.86264,-1.0493
-0.59248,-0.43954
-0.016488,-0.90045
1.0991,-0.66375
-0.50219,-0.032176
0.52952,-0.86642
0.33112,-1.0535
-0.34723,-0.85714
-0.35993,-0.6027
0.1647,-0.93638
-0.78477,-0.55646
1.4384,-0.55496
0.1423,-1.1404
1.2678,-0.48311
0.63638,-1.1571
0.92862,-1.0795
1.1092,-0.63962
-0.01586,-0.93932
1.0899,-0.35786
0.81344,-0.88857
0.30392,-1.1478
-0.34626,-0.67104
0.74934,-1.2856
-0.58961,-0.35366
1.1899,-0.63479
-0.43227,-0.53796
-0.31102,-0.98246
-0.19722,-0.87731
-0.51427,-0.076947
0.46934,-1.1831
1.0272,-0.98952
-0.77817,-0.96358
-0.65793,-0.45645
-0.53605,-0.56975
0.96073,-0.82296
-0.52686,-0.72225
0.93052,-1.0806
-0.63001,-0.15508
-0.082937,-0.72093
-0.11214,-0.6169
1.2909,-0.79618
1.1679,-0.53974
1.2277,-0.47778
0.53422,-1.0706
1.385,-0.20048
-0.48833,-0.92427
1.0842,-0.8468
-0.45062,-0.74947
-0.37062,-0.56513
1.3502,-0.46557
-0.80288,-0.0052718
1.1964,-0.87489
0.11163,-1.0319
-0.21005,-0.86645
1.1336,-0.58699
0.75051,-0.90583
1.394,-0.79217
1.1004,-0.0040653
0.60823,-1.9124
-0.19464,-1.2087
1.0099,-1.1931
0.48226,-1.1192
1.1361,-0.59732
-0.56954,-0.54755
0.051418,-1.3643
-0.49102,-0.80514
1.038,-0.53818
-0.89062,-0.37646
0.90703,-0.94953
-0.23262,-1.2634
-0.076128,-1.0349
0.7461,-1.0685
1.1964,-1.0304
-0.70669,-0.22247
-0.611,-0.025251
-0.15872,-1.4128
0.15125,-0.92127
-0.18564,-0.87374
0.1203,-1.3509
0.53102,-1.3624
0.26627,-1.1251
-0.6527,-0.93768
-0.61669,-0.57041
0.94163,-1.4767
-0.32947,-0.83717
0.76514,-0.15614
0.23123,-1.1132
1.0434,-0.70166
-0.27379,-0.96075
-0.69077,-0.081473
1.2484,-0.076161
0.78816,-1.1437
-0.33644,-0.65897
-0.52391,-0.40778
-0.52462,-0.88513
1.5014,-0.26546
0.80517,-0.90683
0.090352,-1.3821
0.58839,-0.98829
1.3231,-0.2677
-0.89842,-0.65494
0.75167,-0.79987
1.3629,-0.56294
1.4222,-0.58566
-0.13177,-0.77012
1.0045,-1.361
0.37436,-1.0447
-0.46466,-1.4371
1.1546,-0.92751
0.13453,-1.0532
-0.18437,-2.1078
-0.54798,-0.63764
-0.045324,-1.0866
-0.49748,-0.40868
0.59013,-0.95871
0.53343,-1.4752
0.93134,-0.72885
-0.58031,-0.65816
0.84284,-1.0658
0.17633,-1.4714
1.2545,-0.41491
1.1407,-0.51453
0.10497,-1.1722
1.3724,-0.36909
1.3156,-0.39071
0.1675,-1.0849
-0.77618,-0.055598
0.37696,-0.9776
0.99859,-1.2033
-0.40424,-0.88092
0.33615,-0.8896
1.2996,-0.22228
0.37649,-1.1836
0.55196,-1.2471
0.17486,-0.90684
0.25348,-0.99075
0.24264,-1.0398
0.86709,-1.409
0.063278,-1.1229
1.0848,-0.93133
1.4126,-1.0227
0.26709,-1.0371
0.54982,-1.112
-0.11799,-0.98273
0.28686,-0.92154
-0.35846,-0.8971
0.99287,-1.0381
-0.033352,-1.4427
1.2814,-0.84577
-0.50803,-0.33521
-0.53877,-0.50548
0.98204,-0.96695
-0.74854,-0.15069
-0.17253,-1.128
0.52451,-1.0706
-0.50696,-0.96809
0.80514,-1.0998
0.93778,-1.1494
-0.33706,-0.75249
-0.23393,-0.89303
-0.43921,-0.65262
-0.21964,-0.93139
0.76482,-0.014505
-0.047734,-0.9621
0.25385,-1.1577
-0.33729,-0.85341
-0.81004,-0.71365
0.59484,-1.25
-0.32513,-0.7917
0.57274,-1.1865
1.0909,-0.48694
0.045202,-1.8169
1.3068,-0.67515
0.52579,-1.0328
-0.022875,-1.096
0.41998,-1.0013
0.73965,-1.1084
0.37341,-1.6099
1.3828,-1.0735
0.64534,-0.95588
1.2267,-0.67021
-0.22604,-1.1178
1.2656,-0.85166
1.1833,-0.84225
1.2481,-0.80568
-0.43439,-0.97473
0.37592,-0.99401
0.10596,-0.77475
0.61163,-1.2586
1.2018,-0.79628
0.35418,-1.5177
0.55106,-0.8813
1.3914,-0.58936
1.029,-0.927
-0.069788,-0.9764
0.9766,-0.73113
1.082,-0.96651
-0.60134,-0.58533
-0.018852,-0.95929
0.22917,-1.7055
1.3485,-0.50964
0.27552,-1.451
-0.58206,-0.98219
0.44717,-0.95777
-0.86346,-0.22167
-0.45104,-1.1052
-0.48491,-0.26905
0.33951,-1.0094
-0.39964,-0.44329
1.493,-0.15971
1.1712,-0.68278
1.0169,-1.4573
-0.63452,-0.3898
1.2314,-0.30054
-0.10363,-1.1035
-0.32637,-0.64985
0.8524,-0.93803
0.77013,-1.0713
1.0437,-1.1518
-0.35403,-1.0258
1.0612,-0.7135
0.99608,-1.5765
0.99323,-0.73455
1.1522,-0.63181
0.059749,-0.93104
1.5218,0.007681
-0.44257,-0.30164
0.33649,-1.0689
0.22681,-1.2531
1.1262,-0.42392
1.2496,-0.81881
-0.49736,-0.50245
-0.44411,-0.57872
-0.36682,-0.26814
1.3628,-0.45248
0.66977,-1.0413
-0.19989,-1.128
-0.2196,-0.93444
1.1258,-0.91293
0.43794,-1.0791
-0.50162,-0.27797
1.0389,-0.45906
1.6515,-0.29535
