-0.41686,0.38789
-0.34761,0.91426
0.55926,0.43222
-1.3635,0.29013
-0.36766,1.1326
-1.2444,0.38351
-0.77055,0.62536
0.36845,0.1137
-1.0733,0.65691
-0.58588,0.89668
-0.11997,0.34488
0.31819,0.25967
-0.69031,0.84771
0.031952,0.9905
-0.61169,0.95632
-1.3549,0.36334
-1.3734,0.87042
-1.7248,0.060183
-1.3758,0.47464
-0.98148,0.76018
-0.019863,0.84419
-0.25742,0.7516
0.12789,0.44381
0.38878,0.032277
0.34884,0.12602
-1.1896,0.80966
-1.762,-0.035373
-0.67816,0.97475
-1.0396,0.95859
-1.5827,0.14881
0.16146,0.62099
-1.516,0.095663
0.094933,0.33877
-1.4656,0.41517
-0.023537,0.90583
-1.1107,0.74391
-0.33623,0.65615
0.48116,0.23203
-0.86358,0.73073
-0.90156,0.77012
-0.48449,0.72961
0.42007,0.27007
-1.6483,0.34575
-0.092633,0.73693
-0.60919,0.97381
-0.54624,0.3864
-0.97322,0.58332
-0.36962,0.77641
-1.4752,0.065546
-0.16213,0.51103
0.18559,0.39577
-0.56178,0.72538
-1.7542,-0.028366
-0.45734,0.92319
-0.072487,0.63109
-1.8178,-0.036307
0.13393,0.13583
-1.3159,0.30977
-0.87123,0.82706
0.30328,0.18116
-0.16317,0.84411
-0.39134,0.43081
0.2439,0.34578
-1.7942,0.36622
-0.94528,0.83999
0.28141,0.10737
-1.4347,0.24856
-0.33488,0.85189
-1.499,0.37214
0.18065,0.79802
0.40981,-0.1812
-0.69168,0.28873
-1.1348,0.7002
-0.42847,0.57279
-1.5452,0.28642
-1.0463,0.90515
-0.71053,1.0511
0.08333,0.58747
-1.576,0.13638
-1.6436,0.65858
-0.37091,0.69102
-0.965,0.38489
-1.3088,0.47264
-1.4637,-0.011618
-1.3935,0.34202
-0.45934,1.144
-0.064231,0.79143
0.22503,0.53792
-1.4951,-0.041682
-1.6467,-0.077696
0.096762,0.32989
-1.1052,0.58416
-0.79317,1.1186
-1.7304,0.61934
-1.4871,-0.46024
0.38683,-0.26553
-1.0455,0.87385
-0.02579,0.36422
-1.5005,-0.28133
-1.2899,0.45602
-1.0488,0.76185
-0.094919,0.87606
-0.086691,0.80366
0.13115,0.11986
-1.9238,0.24781
-1.2001,0.7227
-0.76335,0.94992
-1.2422,1.0311
-1.6109,0.17558
-0.2574,0.24395
-1.483,0.51552
-0.57574,0.77477
-0.86836,0.80064
-2.4876,0.16803
0.14314,0.67338
-1.7248,0.36414
-0.85735,0.54424
-1.1637,1.0329
0.50225,0.10542
-0.45403,0.54527
-0.3817,0.48997
-1.6717,-0.13381
0.10304,0.019359
-1.1129,0.71148
0.29902,0.34399
0.1277,0.55272
-0.30965,0.28356
-1.1005,0.69229
-1.1869,0.38685
-1.6791,-0.22613
-1.6358,-0.41488
-1.1767,0.42237
-0.15907,0.20743
-1.6056,0.4238
-0.66228,0.7457
0.42195,0.41539
-1.2208,0.9857
-1.3163,0.69181
0.0029643,0.74872
-0.68304,0.39357
-0.28978,0.7681
-0.72658,0.50206
-1.0976,1.0257
0.24709,0.71443
-0.16589,0.57703
-0.99095,0.52333
-1.6149,0.13626
-0.5295,1.0112
-0.75521,0.87957
-1.1946,0.59965
-1.7504,0.27358
-1.5291,0.34661
-0.70072,0.99231
-1.7666,0.20344
0.47332,-0.069808
-1.344,0.13652
-1.5925,0.29453
0.3496,0.33796
-0.037408,0.88111
-1.2075,0.63645
-1.0181,0.72297
-1.4943,0.072198
-1.2517,0.27795
-0.5176,0.44326
-0.93968,0.7917
-1.707,-0.19086
0.035025,0.43645
0.36753,0.28423
-0.73179,0.76887
-0.30474,0.73322
-0.40708,0.5246
-0.27802,0.50335
0.016869,0.56035
-1.4407,0.4088
0.15472,0.15891
-1.1653,0.84256
-1.2372,0.63185
-1.8298,0.35156
-1.1802,0.38421
-1.4871,-0.11834
0.33209,0.16663
-0.0032586,0.46902
-0.64947,0.72874
-0.67829,0.98488
-1.2346,0.78454
-1.3209,0.46809
0.051107,0.53613
-0.79663,0.80419
-0.54388,0.76139
0.41442,-0.26075
-0.27846,0.70928
-1.2351,0.65855
-1.8662,-0.48783
-0.28747,0.10616
-1.6506,0.36067
0.38835,-0.22496
-1.4707,0.55845
0.24614,0.39337
0.25232,0.21915
-1.4911,-0.11456
0.19158,0.4144
-0.17408,0.18152
-0.74568,0.63633
-1.3075,0.70623
-1.0779,0.81377
0.30842,0.25095
-1.2315,0.48663
-1.0176,0.90343
0.23288,0.24376
-0.058425,0.71777
-0.049384,0.54977
0.037909,0.49715
-1.0682,0.93982
-1.5545,0.32955
-0.57303,0.67851
-0.040138,0.78561
0.24788,-0.22853
0.34314,0.53621
0.22756,0.021121
0.34462,0.59437
-1.6901,0.10415
-1.5158,0.81001
-0.21851,0.76245
-1.1436,0.59714
-1.1068,0.74113
0.48217,-0.08275
-0.61088,0.12309
-1.7365,-0.45825
-1.4998,0.41572
-0.62373,0.82624
-0.82628,1.1799
-1.2156,0.50728
-1.0536,0.79906
-0.56924,0.87505
-1.6455,0.054008
-0.51643,1.0722
-1.1265,0.50061
-1.2244,0.4533
-1.744,-0.17302
-0.44131,0.49525
-0.75426,0.4079
0.035349,0.68811
0.2142,0.73499
-0.13842,0.75358
-1.7855,0.46997
-0.24542,0.85746
0.014703,0.88865
-0.22168,0.24834
0.29313,0.28001
-1.5147,0.44397
-1.5337,0.21926
-1.9152,0.33256
-0.33786,0.93055
-2.0951,0.15436
-1.3791,0.34094
0.036882,0.38363
-1.2642,0.52215
0.27552,-0.021469
0.24317,0.72769
-1.5902,0.19369
-0.48056,0.70667
0.0074848,0.62358
-1.7994,0.047448
-1.4111,-0.36943
-0.92717,0.47062
-1.2078,0.64137
-1.2966,0.58927
0.27287,0.072573
-1.1276,0.80529
-0.58434,0.92845
-1.0731,0.92944
-1.7884,0.51151
-1.265,-0.33494
-0.92454,0.67212
-0.83553,1.0133
-1.4347,0.40722
0.063839,0.63124
-1.4591,-0.12794
0.2791,0.49972
-1.3112,0.55795
-0.038594,0.47208
-0.39819,1.0461
0.23129,0.40206
-1.2664,0.99913
-1.8854,0.40809
-0.37349,0.89044
0.13771,0.64778
-1.5211,0.34892
-1.3713,0.43853
-0.77004,0.35334
-0.527,0.67451
0.14218,0.61918
-1.1159,0.93316
-0.74242,0.89141
0.16429,0.23623
-1.7632,0.51739
-1.2129,0.77672
-1.7088,0.38538
-1.3479,-0.33975
0.15729,0.32478
-1.5642,0.2423
-1.399,0.45303
-0.70316,0.79642
0.23633,0.33624
-1.4362,0.80265
-0.14198,0.8193
-0.3422,0.81482
-0.3976,0.77396
-0.69717,1.0004
-0.21328,0.97585
-0.78803,0.97475
-0.013685,0.12522
-1.4527,0.47948
-1.6755,0.53894
-0.89701,0.84441
-1.5417,0.49298
-1.6067,0.67885
-1.3519,0.13439
-0.18312,0.8058
-0.40715,0.46473
-1.0419,0.82112
-0.0131,0.87438
-1.3461,0.3289
0.37169,0.038344
-1.5358,0.53542
-1.6182,0.20579
0.077072,0.51319
-1.383,0.64031
-0.59496,0.8741
-0.12807,0.72228
-0.12582,0.56218
-1.2718,0.50297
-1.4201,-0.92316
-1.6111,0.44633
0.061973,0.82858
0.26723,-0.13859
-0.49485,0.80973
0.12094,0.96792
-0.2732,0.57172
0.0045439,-0.13105
0.304,0.1986
-0.90233,0.83969
0.080489,0.056955
-0.28651,1.0076
-0.33972,0.093205
-1.0829,0.96155
-1.4959,0.57681
-0.9565,0.87873
-1.2411,0.80341
-1.3431,0.67302
-1.4522,0.71894
-0.096126,0.70431
-1.2449,0.59333
-0.11478,0.63307
0.34371,-0.07291
-1.3745,0.49378
0.17738,0.26408
-1.4911,0.38636
0.091634,0.15794
0.082772,0.010938
-1.2969,0.71869
-0.099423,0.10345
-0.0069617,0.82536
-1.695,0.69793
0.28785,0.29973
-1.8605,0.6445
0.08665,0.020631
-1.1569,0.61508
0.52902,-0.010725
0.20572,-0.031881
-1.3426,0.28035
0.0021035,0.4071
-1.6049,-0.88883
0.28819,0.011418
0.38425,-0.34378
-0.75919,1.0902
0.40396,0.23973
-2.0075,0.24314
-1.7681,0.40746
0.15668,-0.075819
-1.2945,0.48213
-0.25699,0.49875
0.10855,0.55459
-1.483,0.72628
-0.86127,0.71839
-2.5782,0.29926
0.26827,0.35623
-1.0067,0.53993
0.10817,0.42058
-1.8342,-0.0459
0.32929,0.23211
-0.080543,0.47404
-1.8932,0.28204
-1.1786,0.77244
-0.61414,0.91654
-1.6075,0.64658
0.40948,0.11627
-0.47835,0.58327
0.32659,0.1566
-1.2073,0.53572
0.19479,0.45732
0.22211,0.10502
-0.1763,0.5815
-0.33294,0.81347
0.016725,0.89737
-0.25093,0.11813
-0.17662,0.94619
-0.71336,0.73404
-1.4148,0.45608
0.31953,0.6214
-1.1279,0.88296
-1.3415,0.44159
-1.6523,-0.39297
0.23106,0.45489
-1.6714,0.15772
-1.6268,-0.34916
-1.3978,0.27505
-1.7176,0.10623
-0.20399,0.93069
-1.1314,0.68579
0.42142,0.18666
0.44677,0.36174
-1.5416,0.58006
0.38848,0.62343
0.40572,0.0040352
-1.4411,-0.10555
-0.28436,0.85134
-1.4487,-0.042393
0.11336,0.44268
-1.2017,0.83047
-1.0504,0.78341
0.38967,-0.057443
-0.69673,0.56477
-1.5779,0.00953
-1.9825,0.15636
-1.6155,-0.11678
-1.1351,0.60837
-0.15055,0.65273
-0.0019888,0.52953
-0.24735,0.80512
0.33159,0.31747
-1.0581,0.76534
0.097718,0.51593
-0.91252,0.7449
-0.39785,0.89357
-2.0728,0.41118
-0.027849,0.64242
-1.49,0.34347
0.36627,-0.5071
-1.5816,0.69417
-1.4607,0.37995
-1.6086,-0.074914
-0.77595,0.94905
-0.20082,0.41842
-1.5447,0.30753
-0.37571,0.85558
-1.3057,0.81781
-0.23769,-0.51839
-1.0746,0.94648
-1.4403,0.20761
0.35201,0.17243
-0.67134,0.99629
0.48334,0.22378
0.35039,0.20329
-0.053933,0.68026
0.67138,-0.014038
-0.57351,0.82625
-0.36781,1.0176
-1.7049,0.08322
-1.4663,0.59301
0.4799,0.24631
-1.0316,0.97393
-1.3798,0.45179
0.43118,0.030977
-1.8755,0.19802
-0.96257,0.84549
-1.4825,0.3581
-0.21696,0.79562
-0.44813,0.80077
-1.3542,-0.20737
-1.1299,0.55445
-0.8882,0.89549
0.4032,0.51629
-1.6864,0.25551
-1.6351,0.54294
-0.82814,0.72275
0.38916,0.57343
-0.1675,0.96039
0.0818,-0.2218
-1.6798,0.12342
-1.3011,0.27228
-1.0935,0.62506
0.18945,0.59673
-0.23516,0.78795
-0.35648,1.015
-0.47127,0.61699
0.10402,0.3446
-1.3624,-0.0051452
0.015074,0.48073
0.46443,-0.30192
0.22122,-0.10105
-1.652,-0.017021
-1.5723,-0.23122
-0.77048,0.91815
0.3396,-0.39664
-1.8051,-0.30532
0.16617,0.14345
0.389,-0.11852
-0.62388,0.76076
-2.1813,-0.069253
-0.3173,0.62739
0.13634,0.20743
-1.2963,0.7394
-0.94237,0.58405
0.030945,0.87122
0.44696,-0.026453
-1.2062,0.54355
0.41286,0.0041077
-1.5729,0.29703
-0.83072,0.39127
-0.12568,0.46546
-0.21642,0.87007
-1.5999,0.4489
-0.86749,0.62927
-0.916,1.0522
-1.2983,0.39776
0.4369,0.011598
-1.2297,0.9093
-0.93804,0.87935
0.60638,0.22031
0.2888,0.30044
-1.5158,0.4448
-0.31326,0.75448
0.047353,0.6602
-1.8759,-0.10022
0.24063,0.35568
-0.61566,0.73311
-1.166,0.43161
-0.20948,0.99162
-0.85066,0.87875
-1.5685,0.80784
-2.1248,0.13186
0.090095,0.85063
0.22515,0.39101
-0.54994,0.90296
-0.25572,0.94391
-1.0188,0.76981
-0.68322,1.0136
-0.74469,1.0096
0.48941,-0.28246
0.32787,0.48143
-0.94452,0.95004
0.30757,0.46207
-0.90953,0.49296
-1.3745,0.10398
-0.71943,0.90991
-0.19609,0.73894
-1.1571,0.42166
-1.4458,0.64158
0.44205,0.16518
-1.014,0.66927
-0.41912,1.0875
-0.23173,0.95107
-0.60061,0.8368
-0.95063,0.54386
-0.56115,0.86774
-0.54741,0.98752
-1.2116,0.98727
-0.10011,0.30854
-0.19805,0.63683
-0.32279,0.58894
-1.2225,0.68953
0.17585,0.10208
-1.6848,0.087684
0.66423,0.037982
-1.6648,0.23332
-1.8224,0.50485
0.26128,0.48388
-1.6744,-0.056941
-0.19331,0.67844
0.29788,0.53293
-0.0072153,0.36124
-1.408,0.87627
-0.016195,0.40786
-1.6386,0.41397
-0.13829,0.82966
-1.3192,0.95363
-0.71632,1.1318
-1.3734,0.99985
-0.010632,0.74165
-0.88398,0.95117
-1.7752,0.50118
-1.6229,0.1652
-0.065718,0.78994
0.27231,0.54969
-0.80917,0.84974
0.17648,0.31041
-0.5878,0.71398
-1.5724,0.20111
-0.67414,0.88923
-1.4181,0.48374
0.38596,0.27313
-0.87573,1.009
-0.36628,1.0342
0.16498,0.51725
-0.85426,0.53589
-0.2527,0.83712
-0.80646,0.73706
-1.6973,0.48552
-0.33086,1.0872
-1.44,0.57012
0.42071,-0.093514
-0.91479,0.8708
-0.46088,0.14186
0.17557,0.35304
-1.6412,0.40385
-0.97186,0.72793
-0.016062,0.76892
-0.37014,0.45018
-1.2683,0.90279
-0.3136,0.85926
-1.56,0.081592
0.20915,0.0074858
-1.2005,0.78488
0.022289,0.64254
-0.7045,0.67507
0.37683,0.25627
0.15927,0.78618
-1.588,0.21136
-0.91123,1.1732
0.098891,0.30119
-1.7444,0.26248
-1.5017,0.48148
0.21807,-0.079331
-0.047049,0.14161
-0.3524,0.55275
-0.31354,0.49789
-0.12164,0.92874
-0.20377,0.91211
-0.83917,0.74279
-0.27255,0.29246
-1.1169,0.82335
-0.074986,0.74869
0.061008,0.17493
-1.2277,0.5667
-0.82227,0.87341
-1.4532,0.52401
-0.465,0.50472
-1.7479,0.24608
-0.98285,0.92615
0.29385,-0.048319
-0.25692,0.68011
0.28342,0.41573
-0.91326,0.44525
-1.8638,0.071015
-1.6383,0.23266
-0.015035,0.13159
-0.5411,0.55817
-0.61995,0.3817
-0.18434,0.75958
-0.70956,0.89145
-1.2249,0.24221
-1.8382,0.044254
-1.1585,0.69448
-1.0606,0.77205
-0.96105,0.84788
0.18804,0.56315
0.22422,0.23538
-1.1413,0.82539
-1.6592,0.27616
-0.48215,0.63876
-0.81092,0.0099128
-0.27122,1.1357
-0.079655,0.62077
-0.90011,0.6581
-0.14518,0.44701
-0.15493,0.52773
-0.43226,0.84892
-1.5307,-0.29433
-0.52686,0.80765
-0.054095,0.34362
-1.3593,0.31267
-0.14234,0.85257
-0.26834,0.72055
0.34977,0.060892
-1.5012,0.26095
-1.3487,0.95782
-1.717,0.85595
-1.6622,-0.075655
-0.56849,0.98838
-0.091691,0.85021
-1.1843,0.89736
-0.61385,0.83346
-0.98144,0.78477
-1.1574,0.69016
-1.6039,0.40109
-1.3862,0.7832
-1.2821,0.66024
-0.2945,0.98812
-0.83048,0.86689
-0.84783,1.0256
-1.659,0.44381
-1.6579,-0.013524
-0.57124,1.0022
0.16744,0.42203
-0.2879,0.20616
-1.5472,0.0025876
-0.56818,0.82524
-0.37619,0.86317
-0.54001,0.97847
-0.55022,0.86174
0.532,0.033213
-1.4077,0.45974
0.35748,0.26993
-0.25077,0.96325
-1.2279,0.37852
-1.0729,0.74507
0.06649,0.64229
-0.92716,0.7633
-1.3967,0.26317
-2.1301,0.1578
-0.30596,0.745
0.1364,0.43961
-1.4954,-0.021076
-1.4133,-0.0074725
-1.7029,0.13417
0.51685,-0.19342
0.18568,-0.30161
-0.095632,0.56194
-0.66032,0.58451
-0.75456,0.90822
-0.35467,0.98552
0.35591,0.19812
-1.7302,0.17742
-0.26007,0.8299
-0.16726,0.80005
0.48095,-0.064899
0.018515,0.66176
-1.5753,-0.022301
-0.16255,0.67803
-1.3173,0.55046
-1.7211,0.54645
-1.1536,0.69745
-1.1365,0.44853
-0.26378,0.8472
-1.6869,0.67479
-1.7105,0.021578
-0.6339,0.81679
-2.0161,-0.30394
-0.066631,0.031573
-1.1944,0.63236
-0.21671,0.7579
0.36274,0.077613
-1.0599,0.79553
-1.3047,0.68113
-1.726,0.51461
-0.077434,0.87841
-1.6148,0.35854
0.10513,0.40312
-1.0545,0.99724
-1.6916,0.083757
-1.1922,0.37917
0.086913,0.1545
-0.15903,0.58501
0.0018149,-0.1437
-0.036304,-0.09556
-1.3415,-0.010985
-0.039029,0.15304
0.11446,0.50299
-1.4189,0.16059
0.22694,0.34763
-1.2951,0.52198
-1.4577,0.20895
-1.559,0.56518
-1.8577,0.26938
-0.61039,0.78121
-1.7195,-0.2163
-1.6454,0.19213
-0.38783,0.64373
0.25564,0.38986
0.04495,0.73472
0.018281,0.3165
-1.503,0.42357
-1.7757,0.1856
-1.7499,0.058655
-0.14101,0.80908
0.13162,0.60166
-0.64173,0.88719
0.37331,0.040433
0.30788,0.37677
0.24076,0.64869
-1.0456,0.91467
-0.27113,0.75452
0.2,0.54284
-0.30998,0.70621
0.30826,0.13506
0.33631,0.49382
-0.059624,1.0927
-1.7303,-0.1925
-1.251,0.62987
-1.5766,0.49778
0.37512,-0.31485
-0.76066,0.99903
0.26091,-0.4319
-1.0043,0.88212
-0.62316,1.0892
-0.97815,0.94167
0.54982,0.087721
-0.037993,0.17901
-0.53287,0.73884
-0.92359,0.7156
-1.7788,0.66049
-0.90449,0.74976
-0.04423,0.071749
-0.33642,0.23715
0.44098,0.22972
-0.036672,0.79185
-1.1804,0.42646
0.29506,0.58668
0.29884,0.12689
-1.67,0.36336
-1.1091,0.7819
-0.85382,0.80572
-0.58952,0.92285
-0.46798,0.58524
-1.4541,0.91815
-1.3902,0.52018
0.2892,0.39534
0.38015,0.44686
-0.11211,0.85441
-0.3479,0.88101
0.032676,0.15294
-1.1883,0.72218
-0.86647,0.78547
0.4623,0.4341
0.3091,0.13641
-0.90318,0.7335
0.31654,0.15584
-1.2065,0.65741
-0.52959,0.86767
-1.3612,0.42714
-0.5786,0.80991
0.044946,0.42112
-1.644,0.5083
-1.7791,-0.18047
0.50517,0.20902
-0.46661,0.99496
0.3638,0.30958
0.34238,0.071291
0.15951,0.80064
-0.3382,0.84825
-0.29409,0.60146
-1.6787,-0.85883
0.20328,0.50784
-0.93318,0.89699
-0.42479,0.87731
-0.10941,0.82136
-0.30857,0.80122
-1.1418,0.7939
-1.3082,0.2783
-1.069,0.51616
-0.0059357,0.88878
-0.80186,1.0318
-0.75178,0.87814
0.021563,0.23988
-1.0694,0.3447
-1.638,0.25725
-0.74921,0.93093
0.40342,-0.0067932
-1.0437,0.58081
-0.95251,0.92542
-0.25155,1.0645
-0.60508,0.44817
0.09117,0.33027
0.30258,0.8294
-0.10749,-0.030678
-1.9602,-0.3307
0.1071,0.36559
-0.26306,1.0258
-1.7361,-0.27468
-0.31088,0.8528
0.46535,0.0077483
-1.3501,0.41814
-0.71649,0.60302
-1.1429,0.76286
-0.0061657,0.40429
-1.484,-0.1146
-1.4945,0.096924
0.28189,0.34828
-0.70544,0.73825
0.43863,-0.082285
0.43033,0.045848
0.01951,0.88263
-0.79156,0.74967
-1.5388,0.58754
-0.54332,0.84029
-0.25946,0.85836
0.13646,0.36561
-1.0863,0.17549
-0.28973,0.6961
0.24627,0.40952
-1.4907,-0.19797
-0.65974,0.93572
-0.43347,0.84471
-1.5076,0.044798
0.24623,0.034509
-0.059208,0.85302
-1.3116,-0.0074337
0.053914,0.39609
0.41549,-0.33438
0.21939,0.32559
0.096787,0.74265
-0.98836,0.92519
-1.1746,0.67137
-0.77137,0.61697
-0.41097,0.52889
0.34747,-0.024268
-1.2635,0.67828
-0.066936,0.54079
-1.4737,-0.34407
0.0064474,0.60122
-1.2759,0.50367
-2.0801,0.29803
-0.036764,-0.084858
-1.5726,0.20814
-1.4658,0.1399
-0.93063,0.34843
-1.1742,0.83883
-0.27857,0.92099
-0.33118,0.7255
-0.18826,0.34616
0.27883,0.13795
0.029042,0.52516
-1.3623,0.63825
0.2062,-0.15251
-1.1061,0.67623
-1.5208,0.99978
0.15163,0.51042
-1.3594,0.6521
-1.6994,0.12962
-1.4983,-0.049952
-1.5383,0.17891
-0.027928,0.28801
-0.90943,0.80714
0.1295,0.64614
-1.5214,-0.15088
-0.59967,0.75782
-0.020988,0.57979
-0.39917,0.59306
-1.6267,-0.13314
-0.5107,1.0645
-0.90532,0.81947
-1.7647,0.22725
-1.2312,0.68121
-0.79881,1.0252
-0.96464,0.42487
-0.97617,0.79019
-1.3562,-0.090137
-0.74364,0.68481
-0.99207,0.98521
-0.42029,0.75684
-1.6654,-0.22667
0.32095,0.27601
-1.4767,0.5123
0.26571,-0.083328
-0.83049,1.0752
-1.5507,-0.7426
-0.28666,0.66614
-1.3947,-0.2068
-0.51303,0.96416
0.49032,-0.20649
-0.88298,0.61397
0.0046478,0.69699
0.46401,0.10282
-0.80882,1.0617
-0.25296,0.49938
-1.5513,0.30904
0.080614,0.56874
-1.2134,0.6854
-0.39671,1.0368
-0.9039,0.72063
-1.533,0.20144
-0.543,0.7569
-1.1765,0.34466
-1.5542,-0.23262
-1.6248,0.14185
-1.6911,0.5306
0.32219,-0.27191
-0.1542,0.64982
0.46425,0.31098
-0.13998,0.30773
-1.2759,0.49105
-1.9831,0.15586
-0.57748,0.27983
-1.2198,0.79242
-0.15993,0.54887
-1.672,0.24258
0.41357,0.070318
-0.60527,0.92013
-0.22715,0.6595
-1.4036,0.54017
-1.1672,0.90886
-1.151,0.92437
-0.90004,0.81176
-1.623,-0.37537
-0.030127,0.55389
-1.3111,0.58215
0.1702,0.69494
0.55642,0.13489
-1.7427,0.34824
-1.3544,0.57906
-1.6385,0.51698
-1.6982,-0.19091
-1.5151,-0.090181
-1.6379,-0.21125
-0.18447,0.51252
0.29223,-0.071088
-1.4963,0.28813
-1.5299,0.78948
-0.35296,0.8727
0.10603,0.12475
-0.43257,0.72639
0.31344,0.14146
0.062848,0.39084
-1.5443,0.14715
0.090811,0.58691
-1.9027,0.74228
-1.5467,0.27579
-0.0017871,0.78451
-0.23836,0.90825
-0.46561,0.80426
-0.58417,0.9475
-1.4919,0.16822
-1.7796,0.059166
-1.5342,0.27308
0.08264,0.83225
-1.7067,0.32616
-0.95311,0.89549
-0.79544,0.68894
-1.4109,0.74348
-1.656,0.13888
-0.13076,0.81225
0.41429,0.11578
-0.014451,0.25211
-1.6426,-0.25855
-1.2386,0.38842
-1.1564,0.40854
-0.40207,0.62243
-0.41437,0.55416
0.30916,0.059001
-0.85314,0.96839
-0.6791,0.73702
-0.72843,0.85232
0.36293,0.5215
-0.94352,0.61915
-0.068282,0.79547
-1.5838,0.14099
-1.3338,0.32403
0.65638,-0.19049
-0.16635,0.73281
-0.42652,0.87086
-0.431,0.8844
-1.0945,0.77495
0.33981,0.072978
0.35523,0.28989
-1.7244,-0.4888
-1.6929,-0.040097
-1.1855,0.76438
0.010937,0.033813
0.083879,0.53807
0.32565,-0.13491
-2.1412,0.15936
0.53043,0.35218
-1.3968,0.1726
-2.0154,0.25877
-0.38507,0.90014
-0.66815,0.73727
-0.86862,0.62214
-2.0193,0.52363
-1.6174,0.64213
-0.049767,0.22442
-1.1959,0.63959
-0.26972,0.81855
-1.7956,0.0373
-0.55659,1.0371
-1.7085,0.38731
-1.194,0.52681
-0.77281,0.60996
-1.0063,1.059
-1.5047,0.72379
-1.6648,0.2825
-1.8945,0.53194
-1.2477,0.38095
-1.7897,0.18175
-0.1789,0.65545
-1.1726,0.52177
-0.56603,0.061416
-0.85985,0.90114
0.30702,0.43435
0.59729,-0.18929
0.38177,0.28415
-0.32817,0.46151
-0.071614,0.50934
-1.833,0.30117
-0.99615,0.68946
-1.4944,0.33093
-1.5267,0.53013
-0.12075,0.28551
-1.4468,0.30993
-0.70454,0.69273
0.205,-0.31068
0.53263,-0.057796
-0.78302,0.98945
-1.4399,-0.18824
0.20665,0.67115
-1.1095,0.91933
-0.26239,0.76451
0.042147,0.19509
0.30309,0.57856
-1.524,0.11425
-0.68724,0.82728
0.19104,0.45868
-1.6673,-0.52524
-0.28092,0.78517
0.13754,0.11446
-0.35423,0.60568
-0.38437,0.76757
-0.10072,0.31634
0.12873,0.17999
0.26675,0.53061
-2.0072,0.027927
-0.59626,0.87019
-1.2199,0.37523
-0.73818,1.0661
-1.6135,0.18123
-1.7848,0.36035
0.1433,0.46287
0.089518,0.46811
-1.3796,0.54436
-0.94012,1.0126
-0.70547,0.75864
0.42331,0.48067
-0.28799,0.94525
-1.7052,0.45281
-1.5805,0.2737
-1.5252,0.095543
-0.53071,0.79678
0.46892,0.37848
-1.2742,0.73846
-1.9179,0.27357
-1.2067,0.64715
-1.5239,-0.088262
-1.314,-0.037816
-0.99827,0.98987
0.14116,0.62217
-1.332,0.34939
-1.2983,0.50708
-1.375,0.41742
0.47935,-0.29564
0.53392,-0.02507
0.080149,0.18325
0.057754,0.16269
0.31131,0.20578
-0.98623,0.92255
-1.9177,-0.20301
-1.3505,0.32379
-0.1494,0.66855
-0.10772,0.76386
-1.5898,0.32828
-1.4191,0.43029
-1.6512,0.011781
-0.48522,0.53084
-1.1884,0.64334
-1.2368,0.52802
0.066187,0.68167
-1.135,0.89884
-1.3243,0.99871
-1.6698,0.33318
-1.9106,0.19564
0.63998,0.3017
-0.95724,0.49011
0.32508,-0.29929
-1.3531,0.20994
-0.024232,0.88278
-1.4125,0.043632
-1.1271,0.88699
-0.075905,0.69314
0.093292,0.82202
0.31521,0.27279
-1.0481,0.51783
-0.01223,0.57394
-1.6493,0.21544
-0.32155,0.51274
-0.2258,0.77054
0.54622,0.27206
-1.6163,-0.019839
-1.5409,0.45874
-1.5776,-0.0034729
-0.22246,0.77845
-1.6744,-0.025651
-0.10441,0.53523
0.239,0.55234
-0.97032,0.75666
-0.72549,0.70376
-1.4199,-0.19065
-0.94094,0.87356
-1.5841,0.15103
0.49266,-0.05824
-0.80038,0.83944
-0.46344,0.80148
-1.2406,0.61591
0.036065,-0.3139
-1.5813,-0.015257
0.0048057,0.79964
0.60359,0.15908
-0.7103,0.76393
0.29379,0.45719
-1.006,0.64998
-0.65911,0.64416
0.39192,0.14538
-1.4612,-0.30119
-0.060494,0.27723
-1.8564,-0.2709
-1.1316,1.0487
0.52216,-0.10476
-0.054763,0.70271
-0.8817,0.47068
-0.15321,0.54432
-1.2924,0.53889
-1.541,0.23576
-1.5896,0.015909
0.19453,0.31032
-1.4334,-0.19462
-0.61426,1.0342
-1.7979,-0.25164
0.2183,-0.06634
-0.96974,0.7582
-0.12866,1.0243
-1.319,0.60231
0.32869,-0.056403
0.50461,0.26346
-1.7097,-0.029993
-1.582,0.13671
-0.53775,0.98092
-1.0156,0.83644
0.3074,0.043479
-1.7894,0.39489
-0.16292,0.72921
-0.51144,0.36501
-0.49198,0.56594
0.12012,0.40486
-1.2418,0.77366
-0.41359,0.73777
-0.82496,0.53586
-1.7851,-0.12869
-1.0962,0.89207
-1.5143,-0.109
-1.7109,0.36765
0.05427,0.61854
-1.4962,0.49099
0.29726,0.29322
0.025974,0.36607
-1.6919,0.084624
-0.051787,0.5602
-0.96079,0.72012
-0.65722,0.83935
-0.068542,0.41268
-1.2254,1.0592
-1.217,0.79167
0.22937,0.64635
-0.37663,0.83271
-0.63798,0.80988
-1.1393,0.55278
-1.4789,-0.2859
-0.046539,0.8697
-1.1684,0.57331
-0.27031,0.55527
-0.39462,0.88719
0.075672,0.5561
-0.99963,0.90854
-1.9752,-0.078864
-1.4768,0.40116
-0.32053,1.1115
-0.68277,0.7896
-1.3474,-0.216
0.36678,0.23763
-1.4929,0.41032
0.41651,-0.43269
-0.49928,0.84278
-0.99384,0.67013
-0.19058,1.0191
-0.6219,0.83679
0.38701,0.0078873
0.24597,-0.095223
-1.5551,0.36832
-1.5564,-0.11798
-1.4366,-0.087087
-0.31022,1.0251
-0.73185,0.84251
-0.098456,0.41081
-1.545,0.16881
0.1758,0.56444
0.27237,0.41926
0.12239,-0.234
-1.1465,0.58984
-1.1179,0.52988
-0.41267,0.9249
-1.6589,-0.14945
-0.21969,0.59688
-1.3633,0.35835
-1.5109,0.73731
-0.64139,0.94659
-1.4392,0.027637
0.4568,0.33054
-1.3856,0.32992
-1.265,0.57527
0.10056,0.66254
-1.7102,-0.13789
-1.2309,0.79778
-0.63108,0.78589
0.25938,-0.0050174
0.34803,0.10043
0.36515,0.273
-1.6347,0.059998
0.28581,0.19117
0.5399,0.28298
-1.1278,0.94326
-1.6209,-0.18404
-1.2103,0.36538
-1.3878,0.49915
-0.25128,0.7257
-0.78574,0.91907
0.1003,0.33479
-1.7191,-0.035764
0.072467,0.50222
-1.3784,0.80659
0.33922,0.50396
-0.62576,0.91087
-0.11122,0.8227
-1.6182,-0.12247
0.30468,0.4842
-1.2192,0.99088
-1.4921,-0.046289
0.15301,0.30422
0.46129,0.1955
-0.97194,0.58817
0.34994,-0.011766
-1.6108,0.14376
-1.1603,0.55441
-1.5435,0.27091
-1.7358,-0.032588
-1.2845,0.84977
-0.0015613,0.4345
-0.54195,0.36908
-0.38795,0.89064
-1.8407,0.1378
0.39609,0.34954
0.12356,0.060667
-1.2012,0.78729
-1.9681,0.081685
0.20514,0.29186
-1.5191,0.6359
-1.8375,0.30208
0.1848,0.61828
0.45113,-0.053647
-0.01687,0.80184
-0.099463,0.67988
-1.6918,-0.036607
-0.62823,1.0771
0.23456,-0.43094
0.024238,0.95994
-1.6093,0.72217
0.48994,0.1051
0.043792,0.28802
0.54059,0.12736
-0.23764,0.66715
-0.15263,0.73368
-0.023187,0.26226
-1.5889,0.18273
-1.9914,-0.14083
-1.2585,0.69277
0.47601,0.38265
0.41551,0.53254
-0.45142,0.66315
-1.8047,0.681
-1.7702,0.56775
-1.407,0.66391
-0.34565,0.79789
-1.6348,0.16804
-1.4517,-0.14095
-1.5719,0.45044
0.37864,0.081285
-2.2935,0.4392
0.5136,0.12178
-0.5235,0.78338
-1.3877,0.20104
-1.1955,0.88571
-1.4802,0.88688
-1.4586,0.061933
0.34929,0.013522
-1.0535,0.62191
-1.7861,0.17767
0.14656,0.18746
0.057687,0.40779
-1.7342,-0.047069
0.29948,0.036909
-1.2696,0.60371
-1.4575,0.39083
-0.1226,0.56175
0.29168,0.49056
0.22199,0.67716
-1.5094,0.20193
-0.083062,-0.29348
-0.95351,0.7568
-1.2825,0.75673
0.46184,-0.036423
-0.52029,0.84292
0.35983,0.28124
-0.16412,0.88097
-1.5043,0.51758
-0.38049,0.54579
-1.5481,0.081448
-1.7377,0.46468
-0.15691,0.70902
-0.44933,0.96251
-0.8816,0.91097
-0.95641,1.0227
-1.0884,0.76836
-0.035564,0.43868
-1.8018,0.18181
-1.7506,-0.38585
-0.020483,0.095688
-1.1712,0.95112
-1.4189,-0.12068
-1.5168,0.12666
0.3023,0.48228
-0.41407,1.0237
-0.11917,0.68328
-1.4093,0.45342
-1.5221,-0.11654
-0.50992,1.0858
-1.3839,0.00042621
0.42742,-0.28519
-0.15618,0.80588
-0.15214,0.46045
-1.3906,0.06723
-0.21845,0.47495
0.12807,0.97674
0.083662,0.17962
-0.7617,0.97962
-1.8154,0.41515
-0.87536,0.70421
-1.3946,0.71291
-1.0634,0.94354
-0.82579,0.72968
0.28915,0.19883
0.25129,0.28669
-1.1028,0.61774
-1.6386,-0.59728
0.42327,0.24557
0.24515,0.54376
-1.7456,0.39861
-1.5084,-0.062291
-0.42767,0.8463
-1.1464,-0.033399
-1.1886,1.0078
-1.1634,1.0681
-0.10378,0.23958
-1.6786,-0.4476
-0.41912,0.68426
-1.1116,0.75904
-1.5043,0.34652
-0.68967,0.91336
-1.7213,-0.1594
0.38042,-0.082129
-1.1029,1.1271
-0.75337,0.86409
-1.0458,0.5553
-1.1686,0.77131
0.26424,0.59544
-1.7075,0.62119
-1.1495,0.67864
0.046359,0.49922
-0.10493,0.9044
-1.1495,0.89383
0.28078,0.10174
-2.0811,0.22689
0.02013,0.72579
-0.61264,0.90241
0.31822,0.60951
0.090132,0.14135
-0.041427,0.51472
-1.1751,0.86337
-1.1986,0.79247
0.20541,0.62842
0.23772,0.16741
-1.5275,0.17256
-0.21172,0.91147
-0.75167,0.93591
-1.8186,-0.14289
-1.0965,0.74345
0.37667,0.20494
-1.2998,0.56452
-1.2331,0.10986
-0.77755,0.33442
0.29761,0.24598
-0.029335,0.84732
-2.2282,-0.13602
-0.80738,0.8329
-1.4215,0.11166
-1.1648,0.6086
-1.3068,0.75183
0.0043295,0.08922
0.2544,0.11823
0.518,-0.20016
0.084578,0.76913
-0.068723,0.035454
-2.0017,0.88079
-1.9879,-0.30263
-1.9623,0.21861
-1.3338,0.62156
-1.0765,0.89562
-1.5303,0.44237
-0.74205,0.81517
-1.2642,0.63136
-0.0092552,0.43384
-1.4843,-0.91184
-0.087416,0.73942
-0.36145,0.90163
-1.76,0.25835
-1.7161,0.13764
-1.6001,0.096104
-1.2895,0.78466
-0.45788,0.98666
-0.31798,0.8078
-1.6809,-0.1588
-1.1702,0.56486
-1.1443,0.51154
0.28118,0.26898
-1.3651,-0.028024
-0.020278,0.75889
-1.4257,0.020006
-1.76,0.50925
0.26086,0.47295
-1.2966,0.7286
-0.30059,0.52965
-1.6453,-0.19109
-0.16475,0.46354
-1.0144,0.84105
-2.0946,-0.2013
-0.057531,0.69613
-1.2811,0.37361
0.44265,0.29199
0.40476,0.41968
-0.27029,0.97931
-0.11243,0.30396
-1.3767,0.48788
0.37514,0.24037
-1.2811,0.59153
-1.3822,0.096858
-1.5739,0.40858
-1.5677,-0.3362
0.19527,0.16249
0.10974,0.60299
-1.1629,0.5508
0.042895,0.62823
-1.6896,0.35259
-1.6249,0.50505
-1.0727,0.95412
0.50696,-0.019843
0.5415,0.30202
0.075633,-0.044305
-0.56398,0.9869
0.11631,0.28746
-1.6001,0.13261
-0.36725,0.6497
0.37661,0.10867
-1.6271,-0.067504
-1.0239,0.8619
-1.522,0.59282
-1.8497,0.049431
0.070796,0.30846
-1.1352,0.49636
-2.0289,-0.12631
-1.7164,0.17566
0.56637,-0.12751
0.0072481,0.8592
-0.08225,0.74078
-1.28,0.39759
-2.029,0.28416
-1.5569,0.43232
-0.38121,0.26441
-1.0337,0.94937
0.16004,0.19642
0.15486,0.09621
0.22823,0.43572
0.11159,0.73573
-1.3883,0.59896
0.10684,0.4877
-1.6353,-0.61808
-1.5359,-0.005726
-0.82661,0.8731
0.21569,0.07945
-0.25235,0.68501
-1.3376,0.13324
-1.3636,0.10647
-1.4764,-0.31713
-1.0783,0.93052
-0.92695,0.82116
-0.78725,0.60194
-1.6009,0.54593
-0.31077,-0.038577
-0.91006,0.93244
-1.8832,0.52182
-0.96168,0.72273
0.13812,0.24726
-0.62887,0.80975
0.15938,0.76412
-1.6049,0.063603
-0.97758,0.8888
0.12875,0.3401
0.4088,0.050324
-1.0548,0.75555
0.3099,0.45901
-0.98452,0.8037
-0.63395,0.93383
-0.79393,0.96135
-1.4229,0.49176
0.047653,0.46439
-2.032,0.71301
-0.48923,0.81117
-2.0789,0.33709
-0.87659,0.233
-1.2755,0.34873
0.28433,0.27248
-1.4565,0.2107
0.098357,0.47832
-1.4839,0.41514
-1.4968,0.20151
-0.4563,1.1302
-1.8829,0.31547
-1.5827,0.25513
-1.0338,0.76734
-0.15961,0.24201
-1.4041,0.56457
-0.83585,0.79168
-1.4361,0.77698
-1.3119,0.59754
-1.5643,0.011088
0.59164,-0.06144
-0.47927,0.5698
0.32801,0.4793
-0.66339,0.3477
-0.48158,0.66358
-0.67537,0.95637
0.27352,0.016215
-0.74742,1.1194
-1.3928,0.55881
-0.29421,0.61707
-1.0878,0.72484
-1.2719,0.49706
-1.8569,0.010228
-1.4333,0.11906
0.46666,0.21908
-0.15282,0.70392
-0.93863,0.82284
-0.50483,0.84005
-1.5576,0.20604
-1.0539,0.67219
-1.8639,0.33595
-0.23782,0.67045
0.074764,0.25642
-1.7447,-0.0094264
-1.565,-0.081329
-0.95541,0.76223
0.39374,0.20055
-0.26273,0.63541
-0.14044,0.66707
0.40508,0.16907
-1.6278,0.17513
-1.4231,0.78453
0.046371,0.70898
-1.6736,0.27896
-1.4323,-0.0043146
0.070687,0.35311
-7.0297e-05,0.17622
-0.47058,0.96473
-0.17303,0.49823
-0.55549,0.62423
-0.92551,0.52501
-0.61826,1.0564
-0.77089,0.77266
-1.4804,0.031726
0.37831,-0.039963
0.62668,0.075968
-0.98149,0.59008
-0.82374,0.98563
-0.061867,0.30531
-0.19215,0.89427
-0.30495,0.62781
-1.1051,0.90688
-1.4778,0.91403
-1.3202,0.67935
-0.28271,0.83979
-1.335,0.072424
-0.89914,0.96394
-1.1174,0.5274
-1.5151,0.21265
0.46942,0.44034
0.13621,0.78419
-0.90405,0.49634
0.24368,0.25929
-0.73461,0.84003
-0.29738,0.95887
-0.3014,0.76358
-0.20169,0.69009
0.3788,0.2466
-0.53976,0.70105
-1.4573,0.082386
0.30629,-0.11664
-1.0666,0.757
-0.56545,0.85137
-1.4599,0.53398
-0.35896,0.79664
0.18949,0.19489
-1.5732,-0.14698
0.21716,0.16371
-1.4382,0.17388
-0.045885,0.90872
0.17775,0.056581
0.54054,0.047889
-1.0782,0.64241
0.50696,-0.11961
-1.024,0.49226
-1.6572,0.20737
-0.23521,1.0101
0.11544,0.016327
-0.67832,0.42763
-0.52587,0.6491
-0.042372,0.76281
-0.91048,0.83257
-0.44666,0.65194
-1.5599,0.22466
-1.7063,0.5773
-1.272,0.055276
-0.54564,0.96803
-1.6332,-0.17069
-1.5636,0.30561
-1.1026,0.23954
-0.77446,0.86707
-0.66002,0.74186
-0.67828,0.7779
-0.7328,0.94855
-1.5375,-0.043524
-1.619,0.18255
-0.98807,0.75595
0.20423,0.6316
0.28275,0.63763
0.28032,0.061238
0.13245,0.11764
-0.56752,1.0525
-1.4752,0.32945
0.17112,0.45226
-2.0591,0.59065
-1.7456,-0.27704
0.58331,0.16178
-1.3632,0.68581
-1.4633,0.78035
-1.5445,0.18046
-1.0876,0.59804
-1.6225,0.051925
-1.2696,0.74564
0.18853,0.80194
0.36768,0.012282
-1.0237,0.72246
0.12413,0.13078
0.29816,0.16642
-0.84946,0.77004
-0.80962,0.85425
-0.38157,0.91675
-0.31248,0.88163
-1.7051,-0.1628
-0.72271,0.9374
-1.4059,0.086524
-1.3112,0.66679
-0.6006,0.69763
0.47076,0.18464
-0.65414,0.43129
-0.65403,1.0306
-0.042285,0.50215
-0.1976,0.52093
-0.87644,0.93322
-1.3563,0.55267
0.38229,-0.042691
-0.80403,0.98898
-0.021434,-0.11931
-1.4622,0.43663
-1.3164,0.72612
-1.3587,0.65493
-0.5459,0.70707
-0.99949,1.0779
-0.75797,0.82084
0.013139,0.54742
-0.87294,0.94976
-0.11635,0.48583
0.027995,-0.050018
0.28646,0.25913
-1.473,-0.054317
0.33315,0.11088
0.62191,0.19856
-0.57409,0.74082
-1.9554,0.10624
-0.076187,0.49928
-0.88161,0.62841
-0.77039,0.58428
-0.72252,1.0054
-0.33185,0.80906
0.53542,-0.093483
0.11696,0.26972
-0.80379,0.65395
0.59784,0.025213
-1.1887,0.81461
-1.5437,0.011911
-2.0021,0.48102
-0.76081,0.92874
-0.53608,0.90816
-1.1364,0.75288
-0.28044,0.89502
-1.0253,0.81897
0.31073,0.084175
-0.89007,0.93274
-0.26317,0.80956
0.27505,0.099353
-0.096287,0.70573
-0.5182,0.52685
-1.7735,-0.079286
-0.2772,1.0146
-1.4262,-0.66982
-0.83708,0.46988
-1.059,0.56984
-0.40752,0.79363
-1.3551,-0.28655
0.39379,0.47785
-0.24935,0.22751
-1.4864,0.12398
-1.3835,0.43705
-1.5549,0.00024516
-1.3523,0.58348
-0.65345,1.0169
-0.59909,0.77751
-1.3264,0.54205
-1.7267,-0.15162
-1.2138,0.75456
-1.4142,0.018015
-0.83123,0.97285
-1.2932,0.58972
-0.19663,0.84673
-1.5862,0.15768
-0.62291,0.95027
-1.7578,-0.1375
0.11301,0.39186
-0.4939,0.87312
-1.3144,0.32436
-1.4276,0.2479
-0.31223,0.8996
-1.4732,0.31647
-1.5691,0.040385
-0.91387,0.30946
-1.3701,0.37435
-1.2843,0.27428
-0.0074596,0.67898
0.060515,0.83596
-0.010026,0.71193
-1.8371,-0.10546
-0.75121,0.38309
-0.66903,0.96727
-0.77434,0.53256
0.1882,-0.50047
-1.4017,0.79576
-1.5978,-0.18181
-0.1462,0.53384
-2.167,0.44972
0.24559,0.4134
0.074327,0.63951
-0.11144,0.47171
-0.20798,0.75631
-0.46797,0.79285
0.12045,0.4337
-0.33497,1.2071
-0.61059,0.56895
-1.9309,0.62213
-1.596,-0.042376
-0.63294,0.86779
0.33268,-0.017232
-0.14509,0.11595
-1.5244,0.20032
-1.6355,0.19952
-1.4319,0.25032
-1.3163,0.49703
0.1104,0.54983
-0.67013,0.81341
0.023034,0.6388
-1.7487,0.79901
0.40252,0.19411
-0.87907,0.6939
-0.27086,0.99874
0.19086,0.49406
-1.6586,-0.335
0.088724,0.33241
-1.3974,0.33366
-1.1136,0.60775
0.15425,0.51915
-0.40035,0.7485
0.083438,0.14364
-0.31694,0.9549
-0.65467,0.56917
0.42014,-0.3511
-1.3572,-0.0091104
-1.3629,0.55788
-0.20457,0.65594
-1.0547,0.81066
-1.6846,-0.3693
-0.55935,0.82589
-1.1695,0.51113
-1.5495,0.26605
-0.13188,0.55657
-1.0336,0.8518
-2.0039,-0.080879
-1.6838,0.37767
-1.1165,0.81741
-1.6151,0.061046
0.090339,0.44084
-0.95388,0.85998
-1.5495,0.13612
-1.1288,0.50113
0.51497,0.039726
-0.37923,0.5426
-0.26522,0.86398
0.26131,0.54354
-0.25924,0.37745
-0.52334,0.86985
-0.44692,0.5937
-0.28208,0.50928
0.087277,0.48479
-0.33885,0.79504
0.28199,0.45655
-0.9701,0.79747
-0.11736,0.63552
-1.0434,0.802
0.0323,0.86687
-1.3427,0.7442
-1.767,0.9382
-1.4167,0.34971
-0.0074679,0.61965
-1.5183,0.48448
-1.5652,0.29454
-0.09873,0.68134
-1.4853,0.48366
-1.4247,0.1742
-0.26021,0.35446
-0.14121,0.61504
0.37826,0.46483
-0.013228,0.79489
0.35368,0.011679
-0.11055,0.64126
-0.0069399,0.36926
-0.56042,0.76706
-1.2049,0.54404
-2.1312,0.54612
-0.71031,0.82471
-0.5202,0.94754
-0.8954,0.49567
-0.16656,0.67255
-0.20095,0.63533
0.44223,0.37944
-1.7492,0.062264
-0.7944,0.79329
-0.76022,0.9146
-0.070322,0.73098
-0.2389,0.58595
0.47142,-0.25303
-0.90741,0.7905
-0.30927,0.31455
0.1679,0.084403
-0.94141,0.82231
-1.2705,0.69962
-1.0699,0.90167
-1.5001,-0.065307
0.46764,-0.49583
-1.3042,0.65471
-2.0276,0.083264
-0.34717,0.89385
-1.3183,0.54215
-1.3373,0.17573
-0.14629,0.84513
-0.99403,0.77456
0.55773,0.23269
0.33721,-0.0022606
-0.58782,0.75683
-0.78201,0.59007
-0.47405,0.82665
0.16458,0.5596
-0.46077,0.2693
-0.69741,0.96084
-1.3014,0.85321
-1.6873,0.50449
-1.1714,1.0083
-0.91024,1.0412
-0.14652,0.61866
0.039632,0.86452
-0.24777,0.80498
-1.1495,0.8875
-1.3523,0.54436
-0.49714,0.48776
-0.7547,0.97471
-0.57685,0.87353
-1.6853,0.091882
0.46086,0.23447
-0.9759,1.0219
-1.1258,0.77896
-1.0797,0.5712
-0.029133,0.80295
-0.34867,0.64184
-1.0842,0.69844
-0.31199,0.78513
-1.2332,0.58569
-1.4456,0.56953
0.24238,0.030836
-1.8869,0.63801
-1.4128,0.5758
0.1271,0.19173
-0.65681,0.70345
-0.17691,0.87294
0.045734,-0.21911
-1.4431,0.62332
0.28215,0.28182
0.53158,-0.074728
-0.9439,0.33498
-1.2865,0.63653
-0.16338,0.67901
-1.6133,0.60888
-1.5766,-0.0075253
-1.0479,0.92062
-0.78866,0.93259
-1.5705,-0.0070205
0.14516,0.60207
-0.43182,0.84737
0.43384,0.60739
-0.97901,0.78895
-0.061779,0.33185
-0.31849,0.94824
0.072859,0.8033
-0.74243,0.97554
-1.3666,0.81829
-1.3251,0.47585
0.31145,0.41158
-1.3307,0.68425
-0.65127,0.73611
0.045407,0.52511
-1.4004,0.28071
0.33437,0.49851
-0.97734,0.90438
0.28962,0.066553
-1.8601,-0.12638
0.54762,-0.063846
0.1477,0.32104
0.31466,0.27857
0.011133,0.83759
-0.065236,0.6526
-0.5431,1.0027
-0.75492,0.68944
-1.269,0.59071
-0.091355,0.63737
-1.2512,0.69501
-0.5425,1.0419
-1.0496,0.81077
-0.74698,1.0228
-1.4176,0.3616
-0.92441,0.65646
-1.6188,0.15754
-0.52152,0.93102
0.29377,0.15542
-1.6259,0.56032
-0.14243,0.68028
-0.22038,0.81643
-0.24099,0.71947
0.3263,0.2277
-0.26087,0.7711
-0.75036,0.65285
0.45829,0.18004
-0.57777,-0.21951
0.33941,0.11721
-1.4995,0.36814
0.17757,0.13005
-0.12597,0.62545
-1.6752,-0.018002
-1.5023,0.12391
-1.4744,-0.12847
-0.85881,0.87905
-0.61243,0.96366
-0.85529,0.78804
-0.93402,0.68659
-1.3206,0.8337
-0.37376,0.70325
0.44648,-0.13838
-0.034156,0.41503
-1.4719,0.048503
-1.7399,-0.40907
-0.54326,0.96153
0.06685,0.68192
-1.7282,-0.079652
-1.1743,0.9249
-0.73642,0.94891
-0.5442,0.95787
-0.94273,0.88499
-0.82892,0.50786
-1.8729,0.21695
0.48024,0.4089
-1.9048,0.4035
-0.083409,0.54149
0.12999,0.8181
-1.296,0.60743
-0.32383,0.98494
-1.0468,0.63142
0.35002,-0.49974
0.35872,-0.017371
-0.37144,1.0559
0.44081,0.021243
-0.82949,0.65089
-0.038507,0.69366
-0.8112,0.84231
-0.26694,0.85639
-0.49875,0.63802
0.39863,0.34494
0.057707,0.68462
-0.27815,0.63664
-1.8414,0.56843
0.33875,0.58378
-0.819,0.70649
-0.35088,0.4864
-1.5082,0.084911
0.50386,0.14145
-0.2304,0.317
-1.1259,0.91749
-1.7073,0.53906
-1.1199,1.0359
-0.40483,0.91255
0.037583,0.47099
-0.086313,0.63314
-1.5798,0.38615
-0.53765,0.91483
-0.71827,0.21275
-1.0906,0.72211
-0.34264,0.39946
0.15089,0.64609
-1.0897,0.87833
-1.209,0.77031
-0.54251,0.64742
-2.271,0.44223
-1.0652,0.799
-0.77973,0.99024
-1.6669,-0.11289
-1.1507,0.90866
-0.10117,0.46879
0.091259,0.048759
-1.5226,0.034516
0.42793,0.14079
-0.61028,0.86525
-1.3272,0.57504
0.29434,0.070284
-0.20098,0.72206
-1.0625,0.60754
0.20164,0.37936
-1.6333,0.052527
-1.6331,-0.049441
-0.37417,1.095
-1.518,0.18082
-0.058508,0.42727
0.14014,-0.11677
0.49971,-0.16585
-0.15258,0.78845
0.24701,0.73637
-1.5365,-0.025203
0.063847,0.33394
0.0017118,0.93849
-0.41193,0.67531
0.44314,0.17567
-1.2483,0.71422
0.16451,-0.04328
-1.0185,0.89566
0.35776,0.063135
0.44625,0.42199
-1.4361,0.0010227
-1.4691,0.066207
-1.5642,-0.078761
-0.30417,0.78603
-0.26498,0.90974
-0.14396,0.70738
-1.7607,0.16735
-0.90964,0.65428
0.29541,0.078684
-0.046894,0.82891
-0.9399,0.52497
0.45963,-0.031514
0.053726,0.36096
-1.1226,0.78921
-0.55387,1.0713
-1.4375,-0.053388
-1.5982,0.45201
-0.68684,0.92366
-1.3676,0.18461
-0.023641,0.40973
0.40165,0.066596
-0.84948,1.0212
0.15449,-0.086295
0.054982,0.0075827
-1.5067,0.40502
-1.3882,0.5108
-1.5906,0.5984
0.086191,0.55565
-0.43793,0.71389
-0.67788,0.76433
-0.14995,0.71211
-1.5645,-0.12621
-1.6989,-0.014292
-0.4241,0.87968
-0.09938,0.88575
0.35715,0.24425
-1.089,0.71801
-1.2145,0.59827
-0.86629,0.75745
0.47927,0.28594
-0.15783,0.73307
-0.22748,0.85082
-1.1628,0.34308
-0.23508,0.81539
0.37137,0.39999
-1.5927,0.085433
-0.81634,0.91373
-0.39276,0.94318
-1.2059,0.46113
0.31751,-0.069261
-1.4073,0.89407
-0.76087,0.98211
-1.3086,0.89824
-0.95626,0.64082
-1.1738,0.28289
0.024737,0.67868
-1.3793,0.89033
-0.82377,0.96275
-0.75736,0.61107
0.34017,0.21854
-1.5722,0.1201
-0.08749,0.8818
0.15146,0.18637
-1.4319,0.37201
-0.45258,0.95688
-0.7167,0.75778
-0.98628,0.83242
0.045731,0.83511
-0.70699,1.0009
-0.066957,0.64909
0.49805,0.099602
0.33353,-0.78211
-0.68985,0.32998
-1.0572,0.40952
0.42082,0.36151
-1.8759,-0.10871
0.12538,0.23644
-0.058012,0.72583
0.26349,0.29218
-0.49899,0.70073
-1.6509,0.22394
-0.26204,1.0743
-0.84046,0.79621
-0.73355,0.94898
-0.67165,0.72893
-1.0099,0.9133
-1.7245,0.7994
-1.0734,0.85039
0.06182,0.47688
0.10281,0.37584
-0.53002,0.97369
-0.041835,0.48137
0.042046,0.97123
-1.7074,0.3476
-0.37068,0.89475
-1.1628,0.60662
-1.6702,0.17475
-1.7089,0.14803
0.1767,0.57855
-0.73584,0.82357
-1.3563,0.82637
0.028428,0.47319
0.35046,0.11878
-1.4743,-0.077179
-0.16242,0.90689
-1.3119,0.76479
-1.4856,0.10309
-1.2702,0.50989
-1.5225,0.093135
-1.3793,0.54911
-1.725,0.20557
-0.52369,0.91717
0.016843,0.25697
-1.4393,0.077088
-0.20112,0.64944
-2.0777,0.24545
0.033386,0.57372
-0.37511,0.60355
-1.3397,0.1333
0.38484,0.23376
0.6096,0.11656
0.30026,0.27391
-0.5622,0.8375
-1.065,0.76995
-1.5236,0.20559
-1.5237,0.38751
-0.90336,0.96009
-0.51285,0.85454
-1.5487,-0.49456
-1.1733,0.41067
-0.50302,0.83229
0.33661,0.1505
-1.5394,0.07155
-1.262,0.25513
-1.5309,-1.0336
-1.6103,-0.09
-0.094348,0.79293
-1.0053,0.71413
-0.56979,1.0196
0.30787,-0.14321
0.29224,0.29228
-1.557,0.14738
-0.7129,0.78009
-1.0185,0.7099
-1.2667,0.67639
-1.5688,0.094963
-1.7006,0.21494
0.13959,-0.10662
-0.059057,0.54859
-0.39153,1.0507
0.089797,0.63991
-1.6502,-0.33952
-1.5199,0.14354
-1.1482,0.71355
0.51269,-0.09549
0.23472,0.55365
-1.6908,-0.033076
0.38477,0.40125
-0.15704,0.96122
0.29376,0.25908
0.16997,0.25226
-1.6128,0.59986
-0.12413,0.59459
-1.6336,0.38768
-0.46401,0.5479
0.32088,0.533
-1.5674,0.048915
-1.0876,0.4899
-1.079,0.86719
-0.82182,0.98664
0.34812,0.4858
-0.99276,0.94133
0.44157,0.43784
0.46043,-0.33765
0.37462,0.039627
0.13187,0.14708
0.20618,0.33124
-2.0052,0.34539
-0.28437,0.14055
-0.020128,0.41169
-0.05693,0.71256
0.16026,0.1267
-1.129,0.77598
-1.1203,0.35852
-1.5443,-0.29654
-1.1503,0.68906
0.15168,0.23
0.12708,-0.17813
-1.6813,0.066062
-0.091647,0.3369
-1.3499,0.59348
0.34578,0.054122
-0.5473,0.73634
0.17831,0.47773
0.32765,0.29271
-1.1511,0.77113
-0.92124,0.64257
-1.3568,0.23235
-0.65334,0.73962
-1.9398,0.61158
-1.1479,0.97778
-0.0081626,0.58018
-0.57871,0.86343
0.32845,0.096019
0.57619,0.32561
-0.57958,0.89386
-1.0834,0.86006
0.052523,0.65552
-1.6973,0.0045694
-1.4861,-0.14268
-0.21295,0.44909
0.42377,-0.27304
-1.2882,0.6725
-0.70773,0.62509
0.2358,0.40764
-1.6323,-0.0052565
-1.4448,0.099629
-0.95298,1.0621
0.018681,0.48992
-0.044208,0.27207
0.47089,0.20871
-0.2708,-0.28056
0.41061,-0.26632
-1.8926,0.32972
-1.3733,0.12391
-0.94774,1.1478
-0.1226,0.83193
-0.39754,0.84086
-0.00052648,0.44012
-0.52788,0.61371
0.12701,0.32359
0.15431,0.28942
0.51389,0.20279
-1.5446,0.35095
0.20013,0.40284
-0.26359,0.58801
-1.4775,0.51922
0.25144,0.082877
0.18279,0.45875
0.039558,0.49241
0.089053,-0.10245
0.18092,0.27566
-0.6311,0.77151
0.31223,0.097791
-0.42406,0.67076
-0.04693,0.65868
-1.4901,0.50837
0.0082535,0.32687
-1.5348,0.03867
-0.080303,-0.18392
-0.99953,0.3413
0.26276,0.13409
-1.2288,0.88948
-0.84157,0.53469
-0.39615,0.97389
0.49569,0.27209
0.41778,0.32238
-0.022808,0.54682
0.2985,0.16397
-0.10338,0.72129
0.46094,0.0057019
0.058666,0.26187
-1.4113,0.087854
-1.5229,0.59129
0.040973,0.18602
-0.7229,0.8168
-0.42597,0.82929
0.038168,0.14625
-1.2801,0.55029
-1.5929,0.14974
-0.65351,0.88994
-0.75116,0.82124
0.34375,0.094433
-0.36104,0.95962
-1.4445,0.030905
-0.65181,0.54572
-1.318,0.57554
-1.49,0.21218
-1.4713,0.52556
-0.56556,0.74815
-1.739,0.061568
-0.33449,0.99909
-1.4266,0.31426
-0.46919,0.83792
0.033937,0.32293
0.39513,0.21581
-0.72433,0.91883
-1.2994,0.81554
0.37976,0.11897
-0.63343,0.98071
-0.58943,0.89221
0.084807,0.80969
0.28479,0.21704
-1.1027,0.79104
-0.90563,0.78343
-0.58442,1.0261
0.36135,0.12084
0.27393,0.19753
-0.10417,0.95488
-1.7313,0.50486
0.058522,0.082644
0.21354,0.2283
-1.2653,0.54005
0.47102,0.51178
-0.45139,0.7973
0.072361,0.54395
-1.2661,0.58331
0.42336,0.33023
-0.69293,-0.85814
0.22105,-1.0524
1.2242,-0.016104
1.1008,-1.1348
-0.65775,-0.36214
0.63865,-0.82599
0.16609,-1.5126
0.49,-1.0597
-0.22076,-1.0331
-0.45145,-1.0093
0.20166,-1.7257
-0.067241,-1.6394
-0.24276,-0.93955
1.2872,-0.19383
1.3985,-0.14361
0.15245,-1.2139
0.73445,-1.013
1.0981,-0.61906
-0.32371,-1.0108
1.2051,-0.61647
1.3377,-0.90597
-0.027136,-0.90048
-0.28851,-1.0332
0.19051,-1.0452
-0.41635,-1.1318
1.2285,-0.19336
0.3722,-1.1682
-0.063382,-1.0035
0.16419,-1.0292
1.2847,-0.50182
-0.45342,-0.56664
0.47118,-1.0999
0.65516,-0.78641
1.0502,-0.65983
-0.47034,-0.82878
1.1386,-0.61178
-0.17068,-1.1831
1.1999,-1.0088
-0.23544,-0.79127
0.17143,-1.3549
-0.62426,-0.60534
-0.094174,-1.177
-0.57254,-0.68274
0.030845,-0.96537
0.72199,-1.3967
0.14153,-1.188
1.2999,-0.082544
0.32816,-1.1833
-0.84168,-0.062539
-0.65529,-0.16623
1.3571,-0.31579
0.97205,-0.77239
1.2612,-0.35517
-0.28897,-0.43349
1.1144,-0.6977
0.71497,-1.2089
1.0035,-0.90297
0.92462,-0.90097
0.9381,-1.0482
0.84792,-1.2096
-0.04779,-0.99497
-0.59476,0.088639
-0.71379,-0.57155
-0.48345,-1.0172
0.15164,-1.282
-0.38082,-0.31454
0.3964,-0.98083
1.1783,-0.62421
-0.34793,-0.76624
0.36002,-1.0916
-0.37135,-0.46951
-0.1967,-0.97809
0.84448,-0.88362
0.33312,-1.0547
-0.1091,-0.62947
-0.42715,-0.76736
0.91762,-1.0039
0.33626,-2.007
0.57293,-1.1387
0.89437,-1.2725
1.145,-1.0958
1.1112,-0.081958
-0.79333,-0.47685
0.62278,-1.0463
1.1069,-1.0107
0.32879,-1.6617
0.82102,-1.1556
-0.047296,-1.2444
1.3801,-0.62501
-0.57442,-0.22182
-0.35573,-0.95311
1.4627,-0.35581
0.32089,-1.1474
0.56042,-0.67435
-0.51143,-0.53581
1.0931,-0.83014
1.5475,-0.14394
-0.27632,-0.69817
0.19616,-1.0438
0.053331,-1.2521
-1.0536,-0.25533
-0.67743,-0.19944
0.48715,-0.96762
0.48533,-1.9334
1.1182,-0.63327
-0.11405,-0.9708
0.083165,-1.2142
1.1084,-0.45921
-0.46597,-0.35262
-0.46083,-0.7292
1.0243,-0.45722
0.70739,-1.0929
0.24828,-1.0698
0.45203,-1.3095
-0.30431,-1.1859
1.2749,-1.0127
0.38305,-0.9761
1.3179,-0.95407
0.67336,-0.86869
1.4268,-0.5081
-0.33292,-0.92789
0.96948,-0.72528
0.055113,-0.80568
0.41902,-0.96339
0.54581,-0.95569
-0.58851,-0.14471
1.2623,-1.0453
0.33591,-0.86391
1.5446,-0.3515
-0.18677,-0.9894
1.3852,-0.52446
0.4494,-1.4501
-0.69039,-0.18488
0.86812,-0.70846
0.10178,-1.2136
-0.31375,-0.48822
1.1544,-0.9872
-0.383,-0.69724
-0.33061,-0.55033
-0.38076,-1.1982
0.97389,-0.28781
0.57124,-0.8983
-0.01668,-0.80178
0.056842,-0.93742
0.89819,-1.2587
-0.031447,-0.86589
-0.13739,-0.80816
-0.5484,-0.73373
-0.48624,-0.165
0.14415,-1.2652
-0.48828,-0.19479
-0.083301,-0.97905
-0.11929,-0.90246
0.10993,-1.5785
-0.45069,-0.90021
1.2028,-0.55253
-0.53755,-0.67264
1.5261,-0.33749
-0.37641,-0.70714
-0.10298,-1.0351
0.28938,-1.0224
0.95443,-1.1466
1.492,-0.22643
-0.53191,-0.15718
0.01386,-0.8054
0.61171,-1.1194
0.87719,-1.0229
0.56288,-0.92822
0.22187,-0.99415
-0.89852,-0.1257
1.2815,-0.15301
0.53387,-1.119
1.1185,-0.51362
-0.10968,-1.0689
0.16139,-1.4877
0.14659,-0.8336
-0.56305,-0.32287
1.0875,-0.97317
-0.5441,-0.53257
0.49095,-1.7118
-0.86789,-0.82471
0.90836,-1.1569
0.24444,-0.95615
-0.49469,-0.28596
1.1374,-0.032829
-0.017312,-0.97613
-0.25823,-0.453
-0.49529,-0.86401
1.0034,-0.9895
-0.73328,-1.1805
-0.87902,-0.84966
1.3608,-0.57494
-0.62476,-0.23797
1.1074,-0.97331
1.1972,-0.50396
0.87084,-0.92452
0.33977,-1.201
1.4215,-0.87207
-0.85975,-0.5598
0.0048069,-0.91489
-0.32967,-0.76067
-0.015742,-1.2574
-0.54377,-0.61014
1.6958,-0.35305
0.48638,-1.1902
1.2297,-0.71631
1.1932,-0.81381
1.4027,-0.10267
-0.090483,-0.94566
-0.29986,-1.2014
-0.74887,-0.32291
0.56979,-0.90712
0.20719,-1.1035
0.68728,-1.4204
1.3184,-0.6211
-0.22679,-1.2966
-0.23316,-0.728
0.92729,-0.87908
1.0573,-0.039579
-0.01619,-1.0063
0.61878,-1.0045
1.0923,-0.84478
-0.032344,-0.74881
-0.34869,-1.1923
0.59762,-1.068
1.4623,0.13602
1.3627,-0.51893
0.57364,-1.0026
0.61794,-1.1147
-0.38162,-1.022
0.65188,-0.94409
-0.30316,-0.91385
0.72106,-1.3739
1.0237,-0.048866
0.50275,-1.2234
-0.32297,-0.84843
1.1978,-0.53261
-0.54094,-1.005
1.1081,-0.7552
0.57462,-1.3371
-0.4509,-0.74143
-0.56051,-0.66761
0.54822,-1.094
1.6371,-0.15855
-0.095853,-0.77542
-0.017203,-0.91616
-0.073583,-0.86835
0.48575,-0.95083
0.89596,-0.65095
0.49988,-1.241
1.0136,-0.91259
-0.0018249,-0.98513
1.2226,-0.56538
-0.31167,-0.60587
1.3393,-0.22336
0.35782,-1.0008
0.040372,-1.0584
-0.9027,-1.1676
1.306,-0.44805
0.79317,-1.128
-0.38232,-0.81694
0.091368,-1.0426
1.3785,-0.47137
1.1446,-0.60432
1.3246,-1.2952
-0.50858,-1.1865
0.47168,-1.3028
0.28915,-0.94307
0.42972,-1.4709
0.56941,-1.0228
1.1837,-0.85879
1.4284,-0.15758
1.2813,-0.61563
-0.77596,-1.7167
0.050107,-1.1748
0.80356,-1.11
-0.49044,-0.67124
-0.81559,-0.51777
0.57729,-1.232
0.098991,-1.0026
-0.47957,-0.66302
0.5237,-1.4548
-0.64425,0.0052461
0.71317,-1.2354
-0.84448,-0.58517
0.50005,-1.0237
-0.90924,-0.83451
1.4093,0.072931
0.0076665,-1.0126
-0.55463,-0.87687
0.29115,-1.4204
0.57998,-0.95622
-0.59809,-0.088134
-0.3383,-0.48397
-0.12708,-0.84793
-0.29544,-0.76311
-0.34628,-0.45873
-0.67867,-1.1804
1.007,-0.5767
1.4988,-0.40159
0.8566,-1.3715
1.5468,0.068569
0.64698,-1.1139
0.92195,-1.07
0.14522,-1.4019
-0.77755,-0.92567
1.2277,-0.14088
1.3769,-0.32437
1.255,-0.28752
-0.78805,-0.20659
1.1633,-0.29426
0.653,-1.1426
1.1334,-0.58036
0.64667,-0.96502
-0.062527,-1.0581
-0.51679,-0.86981
-0.030024,-1.0562
-0.08969,-1.1695
1.481,-0.83972
1.1588,-0.1038
-0.065441,-0.82367
0.14009,-1.0553
0.21973,-1.3431
-0.52467,-0.39899
0.7487,-0.9916
-0.045042,-1.0772
-0.54956,-0.40692
0.68516,-1.5447
1.0235,-0.13181
-0.69084,-0.20898
1.1895,-0.70153
-0.37608,-0.70141
-0.55629,-0.45571
0.21768,-0.94967
-0.83301,-0.33787
-0.11019,-0.83292
-0.89531,-0.20017
-0.12831,-1.1248
-0.030407,-0.83366
0.90273,-0.75534
1.0963,-0.79772
-0.29639,-0.54832
0.99073,-0.99457
1.3299,-0.75971
0.87737,-0.73391
0.086988,-1.1296
-0.53104,-0.90835
1.1686,-0.85011
0.91763,-0.90469
-0.0069181,-1.4662
1.2196,-0.82249
0.1917,-1.4206
1.1388,-0.34182
-0.027331,-1.0984
1.4348,-0.78078
0.023377,-1.0973
-0.60759,-0.33042
1.4442,-0.51458
-0.050618,-1.1563
1.2222,-0.60592
0.91408,-0.73195
0.61306,-1.4148
1.1893,-0.31157
-0.91959,-0.24594
-0.40753,-0.50702
-0.86417,-0.30875
-0.64701,-0.64472
1.1754,-0.5293
-0.19927,-1.2427
1.3394,-0.088938
0.66641,-0.94878
-0.63993,-0.20436
0.21538,-1.2905
-0.45066,-0.59062
0.80555,-0.95362
-0.31145,-1.2269
1.4254,-0.61354
-1.2227,-0.32307
1.0754,-0.47027
-0.56766,-0.42654
1.1155,-0.36881
-0.55127,-0.020386
1.0809,-0.92307
-0.76454,-0.016938
1.2994,-0.56242
0.50258,-1.3959
0.5955,-0.79582
-0.2823,-0.93933
-0.13267,-1.1339
0.40574,-1.2266
-0.13928,-1.006
0.029727,-1.9015
-0.33868,-0.98609
-0.8523,-0.80465
0.96884,-0.87974
1.6087,-0.45221
-0.50131,-0.62578
1.3642,-0.82474
0.43992,-1.1713
0.63081,-0.97479
-0.58692,-0.77769
1.5627,-0.23236
0.89407,-0.9836
0.46008,-1.0775
-0.16983,-0.78673
1.0334,-1.099
1.5866,-0.96013
1.4757,-0.24272
0.35793,-1.3973
1.5138,-0.57837
1.2456,-0.66336
0.36793,-1.1486
0.77611,-0.93761
0.2615,-1.2721
0.57057,-0.92062
-0.53979,-0.00088411
1.3742,-0.68789
0.40105,-1.0402
0.27188,-1.5139
1.4427,-0.75736
-0.71309,-0.62598
1.0409,-0.88515
0.52036,-1.372
1.1194,-0.98743
0.9354,-0.91767
-0.43836,-0.64147
1.4028,-0.56749
-0.37073,-1.5503
-0.74783,-0.93955
-0.55937,-0.87346
1.4366,-0.29151
0.89731,-0.95083
0.2899,-1.0626
0.81327,-1.0125
-0.52646,-0.45643
0.7085,-1.1165
0.2001,-1.4379
0.52703,-1.1267
1.3854,-0.64129
0.69498,-1.1571
1.3279,-0.61653
1.0311,-0.65347
1.4594,-0.034624
0.37545,-1.3669
1.0829,-0.69068
-0.26104,-1.3916
-0.42867,-0.59484
0.7753,-0.84916
0.89746,-1.0509
0.26561,-1.0529
0.50497,-1.2962
0.45861,-0.94502
-0.051529,-0.77759
0.040802,-1.1965
-0.12117,-0.91147
1.5135,-0.81747
1.0136,-1.0155
1.3903,-0.12386
0.6914,-1.1408
1.4078,-0.50446
0.236,-1.2008
0.37951,-1.1846
1.3908,-0.51101
1.0155,-0.75561
1.1926,-0.66
0.35993,-1.0967
-1.0085,-0.13117
-0.29982,-1.231
0.63136,-1.4079
-0.67139,-0.8374
0.20162,-1.1842
-0.45606,-0.25065
-0.046485,-1.016
-0.80398,-0.73901
-0.43986,-0.63864
0.88542,-1.0434
1.3173,-0.24405
1.6063,-0.56691
1.2378,-0.31391
-0.56783,-0.40874
1.1445,-0.31546
1.3155,-0.10377
0.26255,-1.1211
-0.40322,-0.80924
0.028721,-1.7025
-0.619,-0.68603
1.5662,-0.26382
-0.21941,-1.0226
0.73386,-0.94231
-0.2078,-0.91007
1.383,-0.29029
1.0523,-0.5718
-0.57413,-0.62468
1.2869,-0.40508
0.97145,-0.97459
-0.82207,-0.28204
-0.24507,-0.70442
0.454,-1.2828
-0.39341,-0.73896
-0.41977,-0.67289
1.4292,-0.57799
1.139,-0.90586
1.3995,-0.51311
1.1253,-0.98819
1.2484,-0.65033
-0.0039084,-1.0097
0.62122,-1.2634
0.087796,-0.9611
0.39444,-1.2043
-0.57724,-0.99786
1.2245,-0.36456
-0.67681,-0.57939
-0.84839,-0.35896
1.4088,-0.72148
-0.22405,-0.79299
-0.62022,-0.067306
-0.22408,-0.80909
-0.11503,-1.2773
1.3893,-0.61182
1.3664,-0.55928
0.55587,-1.4222
-0.67008,-0.36847
-0.75255,-0.9238
-1.2394,-0.49505
-0.70745,-0.60396
1.0589,-0.79946
-0.38293,-0.72697
-0.079992,-0.76031
0.49496,-0.93908
1.2786,-0.31716
0.65773,-0.48393
0.69775,-1.1116
-0.83517,-0.79739
1.101,-0.79234
-0.19764,-0.95829
1.2219,-0.88023
0.25373,-1.0193
1.3695,-0.33411
-0.65695,-0.27016
0.97988,-0.25096
0.1122,-1.173
-0.16258,-0.9102
0.60855,-1.1715
-0.58784,-0.34338
0.68027,-1.1785
1.084,-0.81764
-0.47954,-0.8333
0.47601,-1.2265
0.4124,-1.0483
-0.35301,-1.0296
0.12593,-0.94198
-0.5469,-0.68678
1.1082,-1.8654
1.2314,-0.86586
0.10442,-1.0406
-0.63623,-0.89522
1.1944,-0.34787
-0.20188,-1.0604
1.24,-0.34796
1.4401,-0.70683
0.78579,-1.1088
1.1727,-1.8885
-0.48326,-0.78003
1.0363,-0.89578
-0.0034939,-1.131
0.59621,-0.93306
0.10251,-0.99749
-0.42206,-0.55051
-0.21525,-0.92122
0.8296,-1.0138
0.35356,-1.1084
1.5377,-0.29708
0.8644,-0.99794
-0.45177,-0.74775
0.54667,-1.1192
0.51175,-1.4223
-0.15702,-0.79365
1.3616,-0.37206
1.3057,-0.022321
-0.65073,-1.306
0.63819,-1.309
1.4781,-0.47501
-0.41427,-1.0805
-0.27433,-1.1087
0.95432,-1.1009
0.40272,-1.3895
-0.40322,-0.029528
1.5354,0.072196
1.0632,-0.76662
-0.16879,-1.0364
1.1338,-1.0433
0.89015,-1.26
-0.31075,-0.87993
-0.47577,-0.81213
-0.37949,-1.1755
1.4137,-0.54821
-0.56265,-0.086354
-0.78103,-0.79517
0.88975,-0.22377
0.86105,-1.1629
0.88904,-0.66883
-0.76928,-0.30342
-0.14755,-1.1367
1.4238,-0.64047
0.41306,-1.3576
-0.5822,-0.72883
1.3862,-0.67402
0.41993,-1.209
0.96436,-1.2192
-0.86363,-0.27717
1.332,-0.53167
-0.26306,-0.74537
1.1018,-1.0621
-0.24203,-0.86674
0.6384,-1.2396
-0.58852,-0.67235
1.2646,-0.61276
1.0392,-0.66743
0.61683,-1.0117
1.1306,-0.28573
-0.79173,-0.76624
0.073082,-1.1398
1.3332,-0.77195
0.92974,-0.46052
-0.10638,-1.2934
-0.78359,-0.1914
-0.57318,-0.56588
1.0632,-1.0367
0.96049,-0.77254
1.0236,-0.91869
0.86628,-0.95454
1.4588,-0.33503
-0.44833,-0.51275
-0.19913,-1.014
1.1237,-1.2754
1.3413,-0.95081
1.2695,-0.93355
0.043637,-1.2508
0.37694,-1.0695
0.60375,-1.2261
0.021071,-0.89337
-0.40141,-0.77874
-0.0022846,-1.0736
-0.3148,-0.42476
-0.60813,-0.43112
-0.30968,-1.0341
0.43755,-1.1473
-0.75166,-0.5152
-0.57034,-1.0998
0.6612,-1.0704
0.59596,-0.95716
0.91799,-1.1007
0.17181,-1.1725
0.90326,-1.0465
-0.50288,-0.64743
-0.097115,-1.3168
-0.86701,-0.1857
0.66759,-1.0512
-1.0179,-0.25642
-0.5981,-0.3481
1.1296,-0.63194
1.3368,-0.27671
1.3529,-0.476
-0.68225,-0.050232
-0.47146,-0.63826
0.027105,-0.86556
0.38149,-1.1451
-0.21579,-1.4878
1.0776,-0.2914
-0.11167,-1.5097
1.28,-0.2427
0.76501,-0.95673
0.59083,-0.94509
-0.24386,-0.62865
0.72007,-1.1223
1.0021,-0.80331
0.82991,-1.1467
1.2863,-0.30737
-0.96002,-1.0541
0.81154,-0.18297
-0.34235,-1.1349
1.028,-0.79672
-0.74534,-0.67223
1.4537,-0.56778
-0.50398,-0.79429
-0.23535,-1.099
-0.0094796,-1.3491
0.77889,-1.0327
-0.67904,-0.42713
0.79523,-1.3283
-0.38587,-0.93984
0.48727,-1.3923
0.54721,-1.0197
-1.1336,-0.36048
-0.80289,-0.12361
1.4579,-0.74173
-0.37061,-0.76609
1.4351,-0.22515
0.15922,-0.9529
0.9156,-0.88896
1.5154,-0.4326
0.81476,-0.90148
1.1202,-0.51628
0.24328,-0.92346
0.30526,-1.0391
-0.67636,-1.2648
-0.68286,-0.47478
0.28303,-1.0702
-0.29121,-1.4045
-0.27091,-1.4603
0.30878,-1.0357
1.4391,-0.48971
1.4663,-0.1668
1.1898,-0.91354
-0.4782,-0.74863
1.0798,-1.1893
0.65165,-1.0277
-0.64902,-0.42558
-0.43709,-0.71112
1.0262,-0.76624
-0.41327,-0.38295
0.36215,-1.2606
1.1249,-0.76893
0.18845,-0.95768
0.86804,-0.19705
0.94731,-1.2262
-0.64036,-0.66354
1.2352,-0.88274
0.9058,-1.0891
-0.31382,-0.54365
-0.25456,-0.6791
-0.37937,-0.81791
-0.56638,-0.52165
-0.34007,-1.0985
1.2203,-0.53816
1.5783,-0.39227
1.4499,-0.35074
0.76474,-1.1406
0.0057904,-0.90492
-0.62008,-0.040712
0.56013,-1.1555
-0.18791,-1.303
1.2733,-0.96164
-0.21312,-0.52228
0.34076,-0.98203
1.157,-0.71546
-0.19623,-0.76774
-0.86386,-0.34967
-0.23905,-0.85684
0.69603,-0.83583
1.1784,-0.81873
0.42714,-1.0027
0.22165,-0.99344
1.3637,-0.69445
1.6096,-0.18524
0.96922,-0.8954
-0.7606,-0.32846
0.82767,-0.79062
-0.16459,-0.85637
0.39262,-1.0152
1.2835,-0.9733
-0.52411,-0.736
1.374,-0.52458
0.22424,-1.2177
-0.3127,-0.78951
1.4184,-0.48244
-0.53395,-0.49804
-0.062489,-1.0329
0.24178,-1.1074
0.087038,-0.99923
1.3492,-0.62336
1.1072,-0.1078
-0.11115,-1.1465
1.4139,0.065961
-0.70796,-0.24712
0.72174,-0.9978
-0.39409,-0.6556
0.10877,-1.1716
0.63983,-0.99369
-0.63412,-0.46034
-0.9464,-0.61089
0.58707,-1.0989
-0.9075,-0.39984
-0.46957,-0.74557
0.026022,-1.334
-0.35489,-0.27291
0.2245,-1.0749
-0.6038,-0.29287
-0.89735,-0.29804
-0.10713,-1.0975
0.070298,-1.2794
0.43249,-1.1053
-0.82654,-0.13777
1.4079,-0.33673
0.73421,-1.3717
0.18505,-0.98693
1.506,-0.49497
1.3657,-0.21514
1.4528,-0.6456
0.34822,-1.4467
-1.075,-0.17209
-0.17063,-0.9563
0.070789,-0.95674
1.0744,-0.72654
-0.12043,-1.2305
0.15256,-1.3725
1.2683,-0.27375
0.037838,-1.0075
-0.30169,-1.0261
1.3603,-0.038682
0.62627,-1.0274
-0.33502,-0.92128
1.1431,-1.0099
0.41265,-0.8913
-0.6861,-1.0459
-0.66075,-0.57456
1.2671,-0.46695
0.41165,-1.4713
0.21507,-1.5729
-0.16326,-0.9475
0.99413,-0.88996
-0.4246,-0.90096
0.059872,-1.0447
0.96828,-1.0347
0.093291,-0.95919
-0.18061,-1.0228
1.0804,-0.34779
-0.24822,-0.85623
-0.25224,-1.0853
0.17025,-0.92738
0.030837,-0.92643
0.82345,-1.2087
0.50289,-0.76931
0.72531,-1.1915
-0.4778,-0.613
-0.12576,-1.0885
0.054783,-1.1928
0.2157,-1.0227
1.2767,-1.0168
1.2296,-0.90334
-0.48417,-1.1266
0.10842,-1.0073
0.65226,-0.97237
1.1473,-0.56925
0.40331,-2.0344
-0.48101,-0.58153
0.48826,-1.2137
-0.33865,-0.90144
0.41852,-1.0286
0.20676,-1.2699
-0.47118,-0.71517
-0.41665,-1.0442
0.30851,-0.87589
0.13636,-2.2347
-0.37507,-0.95984
0.9914,-0.90444
0.96608,-0.67041
-0.2374,-0.82294
-0.43052,-0.8964
1.343,-0.58914
1.473,-0.2162
-0.48351,-0.72286
-0.89296,-0.70181
-0.0054108,-1.2054
-0.2462,-1.2118
0.006404,-1.0637
1.3846,-0.22871
1.4145,-0.90478
-0.63124,-1.159
0.83007,-0.89536
1.1957,-1.1557
1.0634,-0.837
0.43209,-0.90033
0.8151,-1.0302
-1.0373,-0.78323
-0.28077,-0.81798
1.1478,-0.87602
1.0971,-0.77084
0.94514,-1.1755
-0.79347,-0.61998
0.0052095,-1.3033
0.34428,-1.4278
0.28715,-1.5425
0.25031,-0.8849
-0.53877,-1.0233
-0.39105,-0.9698
1.1923,-0.58965
0.3293,-1.0021
-0.34453,-1.3337
0.91361,-0.69845
-0.034139,-0.8613
0.64947,-0.92347
0.31254,-1.1079
1.3924,-0.325
-0.14664,-0.90902
-0.65837,-0.24319
0.57472,-1.2692
-0.62994,-1.2911
0.47722,-1.0856
0.9072,-1.042
-0.022846,-1.2542
0.61892,-0.90546
1.2855,-0.80134
0.37231,-1.1516
-0.71379,-0.089631
-0.73103,-0.4455
1.2792,-0.78878
-0.50881,-0.31551
1.1496,-0.77057
-0.60067,-0.72782
-0.7304,-0.60833
0.59696,-1.5265
0.26779,-0.99843
1.3547,-0.95362
0.18276,-0.99852
-0.38358,-0.36052
-0.13336,-1.2587
-0.28513,-0.7558
0.9653,-0.67486
1.0135,-0.44834
0.59449,-0.89455
0.87437,-0.86907
0.31736,-1.2228
0.1099,-1.1242
-0.38441,-0.11568
1.2597,-1.3591
-0.15356,-0.67576
0.91344,-1.0272
0.35742,-0.94003
0.83894,-0.9873
-0.18222,-0.93153
-0.52463,-0.6923
0.92386,-0.80626
1.1179,-0.76436
-0.37371,-0.5973
1.2885,-0.4138
1.3158,-0.74925
1.2379,-0.31483
1.3992,-0.33265
-0.73002,-0.10298
0.56885,-0.85916
1.4651,-0.79425
1.2328,-0.62053
0.8837,-0.83278
0.17072,-1.0709
0.97825,-0.8262
1.0769,-0.74978
-0.13104,-1.1412
1.4523,-0.50718
-0.44092,-0.68009
0.5136,-1.1722
0.89891,-0.71322
1.0974,-1.1815
0.6681,-1.071
-0.41384,-0.63482
-0.83651,-0.78
-0.083193,-0.76188
0.2298,-1.3747
0.6208,-1.1696
-0.73102,-0.50398
1.4779,-0.15609
1.0793,-0.58746
1.1072,-0.97713
-0.92841,-0.39499
-0.27925,-1.0401
-0.16017,-0.85145
0.97605,-1.0726
1.1421,-1.0439
-1.1429,-0.66623
-0.43284,-0.72619
-0.51014,-0.36022
0.59705,-1.0904
0.44379,-1.3202
1.2668,-0.74755
1.3272,-0.026253
1.543,-0.32099
0.23104,-1.3515
-0.23889,-1.0991
-0.34863,-0.6128
0.8486,-1.091
-0.58218,-0.19351
-0.73164,-0.45745
0.84809,-0.74377
-0.21019,-1.0871
1.0372,-0.73968
-0.78557,-0.37524
0.07445,-1.1528
0.52673,-1.1486
1.4239,-0.6244
0.40066,-0.94432
-0.10424,-0.66353
0.0011247,-1.2595
-0.30466,-1.1329
1.183,-0.53055
0.076464,-1.0826
1.4467,-0.64832
-0.021943,-1.15
-0.058593,-0.97062
-0.6387,-0.36255
-0.76524,-0.55271
1.504,-0.51132
0.92807,-0.94891
0.11046,-0.96613
1.4993,-0.47308
1.1717,-0.95715
-0.30325,-0.47102
-0.13804,-0.79738
-0.72119,-1.4914
-0.26948,-1.1442
0.71299,-1.1735
0.51637,-1.188
0.01837,-1.4446
0.80353,-0.84306
-0.58875,-0.57648
1.3003,-0.86629
-0.70362,-0.88962
-0.4343,-0.82849
1.5441,-0.35917
0.70879,-1.1178
0.29819,-0.90206
0.21311,-1.1151
0.95622,-0.77086
-0.28194,-0.65645
0.21501,-1.0197
1.5724,-0.15239
0.91407,-1.1683
-0.61469,-0.12338
0.3552,-1.5298
1.3031,-0.79256
-0.74117,-0.12978
-0.52818,-0.54136
0.56755,-0.96634
1.0943,-1.0683
1.3457,-0.72989
1.1372,-0.30041
1.2553,-0.70342
1.0137,-0.85347
1.2895,-0.89215
1.4113,0.064234
0.53501,-1.3221
-0.10077,-0.92715
-0.50705,-0.57605
0.27809,-1.2391
-0.54127,-0.28076
0.26721,-1.1407
-0.21097,-0.69583
0.26102,-1.2273
0.86172,-0.49131
1.3934,-0.40513
1.027,-0.11905
-0.041065,-1.3211
-0.57665,-1.2305
1.052,-0.7837
0.81539,-0.92575
0.66631,-1.0922
-0.92544,-0.26109
0.36967,-0.99064
-0.1041,-1.2413
0.22304,-1.0897
-0.69,-0.77056
0.016291,-1.0079
1.0893,-1.2024
1.1813,-0.91308
-0.33199,-1.059
-0.32293,-1.2387
1.2381,-0.2216
0.65909,-0.99196
-0.78249,-0.11749
-0.53205,-0.96952
-0.67544,-0.44305
1.341,-0.58391
1.5883,-0.56704
-0.20786,-0.87365
0.50835,-1.1095
-0.12552,-0.92348
0.019409,-1.2096
0.76616,-0.69148
0.023634,-0.99037
0.91879,-0.76655
0.71846,-1.1084
-0.34063,-0.7545
0.77684,-0.74116
-0.14369,-1.0282
0.67184,-0.92889
0.86254,-0.93708
1.5279,-0.37434
0.57587,-0.94435
1.2194,-0.63366
-1.0543,-0.63373
-0.34256,-0.29795
0.059067,-1.0542
1.1612,-0.3727
-0.077715,-1.2979
0.44701,-1.3552
1.3014,-0.78692
0.89177,-0.092519
-0.68534,-1.0234
-0.21943,-1.0359
-0.31248,-0.69192
0.91779,-0.123
-0.4352,-0.76413
1.444,-0.49105
-0.33915,-0.91208
-0.090129,-1.0226
-0.85336,-0.71205
0.012128,-0.71718
0.52941,-0.96563
-0.64048,-0.58317
0.90156,-1.0756
-0.90614,-0.37124
0.40016,-1.1012
-0.34047,-1.2672
-0.14971,-0.93381
0.7571,-1.0617
0.087698,-1.0225
0.71383,-1.0148
1.4163,-0.46465
1.0761,-0.55651
0.49285,-1.0059
0.90979,-0.92384
-0.63566,-0.46473
0.17553,-1.1689
-0.55933,-0.47325
-0.50817,-0.46945
1.0823,-0.70975
-0.49239,-0.74891
0.0067254,-1.4125
-0.32616,-0.85571
0.87677,-0.43803
-0.03539,-1.0983
0.0090763,-1.2925
-0.42482,-0.71851
0.27559,-0.92517
0.41393,-1.2223
1.2163,-0.15681
-0.23685,-0.26598
-1.0953,-0.92689
-0.43285,-0.27311
0.62388,-1.5499
1.3515,-0.13312
0.51592,-0.99249
-0.38724,-0.61307
0.96959,-1.0556
-0.020913,-0.92949
-0.12002,-0.96492
0.98753,-0.86781
-0.21788,-0.95712
-0.06954,-0.8797
0.11084,-1.0615
0.68526,-1.3462
0.36902,-0.86032
0.25695,-1.1752
-0.52681,-0.64717
1.2253,-0.62879
0.89043,-0.86156
-0.49147,-0.67529
0.07937,-0.56296
-0.38254,-0.2017
1.2217,-0.6038
-0.55302,-1.1894
0.45228,-0.96168
-0.64604,-0.82116
-0.0025972,-0.93772
-0.21399,-0.97624
0.61066,-1.1127
-0.17229,-0.94743
-0.23205,-0.73354
1.2896,-0.3767
-0.77449,-0.51543
1.1919,-0.53776
-0.16002,-1.13
0.27773,-1.3213
1.2534,-0.10097
0.75564,-0.69651
0.48705,-1.1314
1.4471,-0.70808
-0.041236,-1.0502
-0.18688,-0.72493
0.63238,-1.0314
0.83453,-1.0156
1.2135,-0.95988
-0.97237,-0.77416
-0.37511,-0.57207
-0.43798,-1.1261
-0.70487,-0.85195
1.0886,-0.87433
-0.0080614,-1.1922
-0.72389,-0.74154
-0.30097,-0.95018
-0.51934,-0.49823
-0.66443,-0.66362
0.95327,-1.1284
-0.85831,-0.65678
0.83357,-0.61483
-1.2915,-0.87356
-0.30116,-0.95953
-0.5739,-0.66593
-0.084507,-1.0195
1.0632,-0.83864
1.1379,-0.21098
0.97679,-0.48785
-0.97214,-0.58466
-0.0020093,-1.1236
0.79469,-0.99989
1.4564,-0.65748
1.4143,-0.32675
-0.045802,-0.76383
-0.11493,-0.95611
-0.66858,-0.89307
-0.39522,-0.97553
0.98379,-0.86508
-0.30772,-0.95459
1.2382,-0.3584
1.3809,-0.47647
0.37544,-1.0947
0.6003,-0.93524
-0.38395,-0.72779
1.2404,-0.58839
1.1362,-0.7376
-0.059409,-1.0075
0.478,-0.92638
-0.26333,-0.93949
0.94376,-1.0869
1.2599,-0.47541
0.69962,-0.96785
-0.58979,-0.27988
1.1688,-0.77757
-0.40832,-1.013
-0.93661,-0.023004
-0.52629,-0.31517
-0.076446,-0.90198
-0.32497,-0.72699
1.269,-0.50729
0.020355,-1.1647
1.2973,-0.30231
0.87963,-1.0008
-0.1332,-0.99312
-0.66727,-0.50881
1.0435,-0.63436
0.38257,-1.2115
-0.6644,-0.76365
0.19501,-1.1566
0.15644,-1.027
1.0419,-0.59975
0.99546,-1.0827
0.76193,-0.98598
0.54226,-0.7535
1.1335,-0.71293
1.0001,-1.0529
-0.78132,-0.63659
1.4839,-0.041224
1.3619,-0.67191
0.92352,-0.95035
0.40555,-1.2509
-0.46209,-0.72936
0.60247,-1.2232
0.74011,-1.3752
1.132,-0.61665
0.69196,-1.2601
1.4513,-0.35523
0.5078,-1.0889
0.098187,-1.3454
-0.51929,-0.31571
0.62629,-1.399
0.66767,-1.4961
0.6855,-1.0527
-0.38073,-0.90207
-0.66183,-0.69938
0.64791,-1.3256
1.4211,-0.44946
-0.40278,-0.62165
1.2487,-0.2309
1.5231,-0.41492
1.2681,-0.58871
-0.077984,-0.95771
-0.15971,-1.2666
-0.15401,-0.79887
0.65763,-0.9571
0.85337,-1.1522
1.4694,-0.50477
-0.236,-0.64587
1.5528,-0.60179
1.0289,-0.72422
-0.12691,-0.95413
-0.97394,-0.43375
0.20194,-1.4464
-0.0026152,-0.96668
1.1214,-0.66802
0.53332,-1.129
1.3497,-0.65354
0.24534,-1.2702
1.1832,-0.48099
-0.18811,-0.95928
1.295,-0.84273
-0.46967,-0.50119
0.78295,-1.4952
1.4381,-0.49909
-0.66784,-0.49248
0.51386,-1.1569
1.323,-0.43554
0.546,-0.98756
1.1827,-0.71113
0.96835,-1.0188
1.2035,-1.09
0.24393,-1.2549
-0.69668,-0.50842
0.84082,-0.84101
-0.27982,-1.07
0.27301,-1.075
1.0623,-0.77552
-0.65471,-0.78296
-0.19948,-1.0002
0.58969,-1.053
-0.59791,-0.12124
-0.51819,-0.24434
-0.86744,-0.7319
-0.2045,-0.93104
1.1829,-0.50075
-0.88569,-0.27973
0.13628,-1.364
1.3579,-0.36805
0.95915,-1.3919
0.63544,-0.98069
1.2415,-0.82429
1.0806,-0.76356
1.1619,-0.74724
1.0476,-0.86725
1.0257,-0.65815
-0.14371,-1.0015
-0.45876,-0.48541
0.74264,-0.96948
-0.66667,-0.14142
-0.42513,-0.70955
0.56875,-1.0184
0.42071,-1.2017
0.45193,-1.0503
-0.13818,-0.82144
0.26401,-0.95076
1.308,-0.74732
0.6742,-1.0444
-0.20234,-0.78371
-0.64988,-0.28957
0.1414,-1.3125
0.18354,-0.962
0.72805,-1.0607
-0.56271,-0.29134
-0.92308,-0.0016154
0.15557,-1.0378
1.0569,-0.83051
0.51815,-1.1941
-0.52473,-1.2548
-0.49722,-0.87198
-0.27024,-1.0708
1.4078,-0.82112
1.2506,0.04132
1.1041,-0.69736
1.491,-0.17401
0.91564,-1.1357
1.0186,-0.66635
-0.39516,-0.13413
0.061994,-0.84624
-0.85279,-0.97446
0.53571,-1.1845
0.56855,-0.97653
0.55166,-1.5236
-0.31748,-0.46709
-0.36682,-0.70595
0.98713,-1.1102
-0.38645,-0.90554
-0.39926,-0.78011
-0.5967,-0.68173
-0.2068,-1.0471
0.16532,-0.96221
-0.28071,-0.94885
-0.19305,-1.0551
1.1084,-1.1731
0.95454,-1.0415
0.30549,-1.1939
0.44198,-1.1596
-0.087641,-1.0276
-0.89345,-0.23768
0.67646,-1.0403
1.5004,-0.32721
1.0732,-0.79958
0.4325,-1.3964
0.67133,-1.2512
0.92959,-1.2196
-0.63164,-0.79094
0.66315,-0.92351
0.43105,-0.9584
0.9831,-0.47659
-0.54506,-0.24034
-0.58382,-0.66722
1.1766,-0.9757
1.1261,-0.13869
1.0334,-0.73651
-0.39903,-0.5417
-0.20123,-1.029
1.4806,-0.394
0.99727,-0.84705
0.71329,-1.0848
-0.4824,-0.29568
0.67704,-0.90056
-0.54006,-0.45878
0.87919,-0.98329
0.054653,-1.2381
1.3538,-0.73121
0.059489,-1.2353
-0.20382,-0.90188
-0.43768,-0.64423
0.28444,-1.0028
-0.87167,-1.1608
1.0579,-1.0345
-0.63127,-0.75025
1.2839,-0.67553
0.81188,-0.85525
-0.70843,-0.93269
-0.19195,-1.1875
-0.78257,-0.35781
0.70557,-1.3467
1.2392,-0.21406
1.4923,-0.71167
-0.57884,-0.33232
0.46387,-1.2899
0.50629,-1.3881
1.2254,-1.2032
1.0847,-0.24745
-0.11691,-1.115
0.37719,-1.0422
-0.31166,-0.35271
-0.11961,-0.90077
1.3655,-0.67775
-0.72844,-0.43342
-1.1666,-0.29766
0.50551,-1.1351
1.1538,-0.60379
0.72648,-1.0757
0.59943,-1.1705
-0.45744,0.015285
0.89693,-0.42614
-0.56329,-0.59414
1.3692,-0.3377
-0.84949,-0.32937
1.0245,-1.0899
0.29049,-1.0468
1.0617,-0.79998
-0.012746,-1.6215
0.57005,-0.91666
1.0455,-0.79122
0.17092,-1.3273
1.4432,-0.40817
0.77885,-0.97597
1.0925,-0.94745
-0.10053,-0.89269
-0.75121,-0.49795
0.9912,-0.7008
1.133,-0.74546
0.82336,-1.0772
1.1529,-0.85699
0.38021,-1.3801
0.091917,-1.0207
-0.47281,-0.53796
0.38564,-0.98494
0.43788,-1.0623
1.3262,-0.43233
0.088365,-1.1426
0.3965,-1.085
1.4272,-0.45484
0.61299,-0.35419
-0.13713,-0.95143
-0.2042,-0.9002
-0.019058,-0.85059
-0.12683,-0.83918
0.46855,-1.0876
-0.73669,-0.31369
-0.21469,-1.2661
-0.30943,-1.3895
0.99845,-1.248
0.57019,-0.95541
0.88202,-0.75531
-0.35611,-0.59251
-0.19994,-1.068
-0.48584,-0.16154
1.3829,-0.53545
-0.45538,-0.36275
1.3703,-0.46056
-0.37288,-0.49078
0.33373,-1.4269
-0.011195,-1.5604
1.0936,-0.78145
0.93036,-0.74181
0.17882,-1.734
1.3372,-0.69102
-0.31809,-0.92059
-0.40033,-0.64287
1.2435,-1.3202
0.81246,-1.342
0.70507,-0.9606
-0.67228,-0.81147
0.58982,-1.0104
0.72995,-1.1445
0.25016,-1.0932
0.27093,-1.2909
-0.37554,-0.54665
0.21426,-1.1428
1.03,-0.81333
0.19828,-1.0213
0.39824,-1.0539
0.61625,-1.2114
-0.26689,-1.27
-0.20859,-1.2046
-0.41644,-0.68382
-0.4521,-0.98562
-0.5096,-0.52904
1.4971,-0.23923
-0.57255,-0.19151
0.88906,-0.24192
-0.5237,-0.045826
-0.54427,-0.31831
-0.4481,-0.95224
1.1496,-0.83734
1.0851,-0.34981
-0.77374,-0.591
-0.23843,-0.8803
-0.91808,-0.74028
-0.82194,-0.41376
1.6107,-0.63351
1.3022,-0.472
0.5677,-0.95853
0.59359,-0.9903
0.93322,-1.136
-0.56216,-0.30276
1.2985,-0.54799
0.41019,-1.1011
-0.49888,-0.32704
0.52537,-1.2222
0.52297,-1.1197
0.73472,-1.0988
1.5527,-0.13853
0.51556,-1.2617
0.63643,-1.0418
1.2506,-0.43799
-0.58875,-0.30393
1.0406,-0.94691
-0.16399,-0.87267
0.94479,-0.41353
1.1881,-0.49497
-0.57761,-0.76778
0.33824,-1.1565
-0.87194,-0.43574
1.1843,-0.76974
1.1571,-0.81859
-0.56398,-0.52066
1.0139,-1.0594
1.1492,-0.92399
-0.3733,-1.0086
-0.44525,-0.76563
0.55103,-0.82102
0.16333,-0.98823
0.82519,-1.3118
1.3198,-0.80102
1.3751,-0.35854
1.2281,-1.0048
0.050733,-1.0285
1.2757,-0.31254
1.1463,-0.087475
0.96875,-1.0786
1.4767,-0.30088
-0.45593,-0.71308
0.82197,-0.8021
0.67591,-1.2638
0.82891,-0.91659
0.4212,-0.79933
0.42717,-1.9616
1.3284,-0.4617
-0.74061,-0.47741
0.42499,-0.97924
1.0637,-0.85842
0.32685,-1.1561
0.16617,-1.0724
0.89765,-1.3369
1.1205,-0.4258
1.1695,-0.62417
-0.39375,-0.92383
0.32342,-1.2563
0.051682,-1.2609
-0.46684,-0.50567
-0.53955,-1.0288
1.5344,-0.3744
1.3024,-0.33322
-1.3687,-0.35379
0.20092,-1.1947
1.1777,-0.72375
-0.14935,-0.86487
0.4246,-1.0371
-0.5401,-0.34664
1.2531,-0.41285
1.3449,-0.38315
1.3948,-0.37836
-0.096163,-1.2538
0.17211,-0.92729
-0.77499,-0.45658
0.077421,-0.90551
0.83532,-1.0093
0.27525,-1.1705
0.43805,-1.0432
0.94333,-1.2575
1.4007,-0.54592
1.0225,-0.97532
0.88984,-0.89407
0.34693,-1.4043
-0.65945,-0.84512
-0.079562,-1.2466
0.47556,-0.055692
0.092185,-0.99316
-0.7143,-0.44712
0.46282,-1.4154
-0.6756,-0.5667
1.3486,-0.63365
1.2084,-0.31686
0.050997,-1.1979
1.2831,-0.89669
-0.23536,-0.76377
-0.76062,-1.0687
-0.76021,-0.39105
-0.24025,-1.2751
0.80899,-0.32368
0.67846,-0.95404
-0.42125,-0.44693
-0.33539,-0.81574
-0.21015,-1.1251
1.162,-0.64699
-0.0046176,-1.2943
0.72269,-0.96336
0.65863,-1.1373
-0.13963,-1.0424
-0.66473,-0.41873
1.1997,-0.237
-0.52005,-0.60855
-0.73521,-0.12501
-0.81381,-0.33988
1.312,-0.88022
0.44258,-1.1198
-0.059018,-1.4851
-0.40256,-0.55037
0.99629,-0.63732
0.84412,-0.80723
1.4753,-0.44175
-0.34553,-1.1989
-0.12943,-0.98859
1.4279,-0.52726
-0.26138,-1.0192
-0.37552,-0.96344
-0.56852,-0.01364
-0.31505,-0.83159
-0.086302,-1.027
1.4461,-0.5682
-0.33147,-0.67046
1.4224,-0.65126
1.0343,-0.81706
1.4436,-0.4139
1.4549,-0.70291
-0.37643,-0.52176
1.2931,-0.83384
0.52224,-1.2224
0.094146,-1.1399
1.339,-0.32623
-0.93765,-0.10779
0.57336,-0.65669
-0.046593,-0.96203
-0.15196,-0.58592
-0.18528,-0.53185
-0.94094,-0.60198
-0.58342,-0.17327
-0.46157,-0.49085
0.75772,-0.87357
-0.13439,-1.2908
-0.097765,-1.0284
0.32002,-1.6981
-0.45581,-0.80019
1.1267,-0.92889
-0.39389,-0.55808
-0.081546,-1.4951
-0.77847,-0.7347
1.1092,-0.69919
0.045632,-0.89878
0.98786,-0.54515
-0.48977,-0.9387
1.0318,-0.53123
-0.34812,-0.92228
0.58443,-1.0783
-0.061375,-1.1599
0.62225,-0.41392
-0.44794,-0.39769
-0.45179,-0.3207
-0.50345,-0.6781
1.1823,-0.71241
-0.17882,-1.013
-0.53712,-0.50671
0.26059,-1.0606
0.59052,-0.8491
-0.12469,-1.233
1.1456,-0.78298
-0.64839,-1.0505
-0.74017,-0.26456
-0.40569,-0.6297
0.53971,-0.93721
1.253,-0.28176
0.78309,-0.97071
0.3421,-1.0672
0.28399,-0.97425
-0.055426,-1.1154
-0.87979,-0.19216
1.4138,-0.5116
0.95886,-0.5546
0.64519,-0.81136
-0.49853,-0.45952
0.11708,-1.3575
-1.3674,-0.63302
-0.17575,-0.96492
-0.29849,-0.74888
0.92009,-0.33911
0.7548,-0.96408
0.44218,-0.9632
1.2362,-0.50977
1.0383,-0.49253
-0.90536,-0.11212
0.71045,-0.87885
-0.22334,-0.73586
1.307,-0.61177
-0.46391,-1.1377
-0.4691,-1.1275
-0.30164,-0.84418
-0.72463,-0.24877
-0.55208,-0.75047
1.5837,-0.31219
0.89461,-0.94474
-0.12692,-1.3441
-0.099086,-1.4912
-0.40343,-0.22297
-0.551,-0.65829
0.83641,-1.0812
0.95389,-0.93834
0.49715,-1.1573
-0.14894,-0.55269
0.11019,-1.0541
-0.70005,-0.63244
0.79378,-0.52483
0.86697,-0.76729
0.68276,-0.93533
-0.30263,-1.0453
0.97546,-0.4518
-0.41146,-1.0222
0.9273,-0.56179
1.4547,-0.11038
-0.24816,-1.081
0.99599,-1.0093
0.11033,-1.1192
0.18199,-1.66
0.085593,-1.0512
1.0838,-0.83433
-0.37433,-0.21053
-0.57768,-0.31241
-0.5859,-0.79788
0.11996,-0.95963
0.91988,-0.92333
-0.99978,-0.46339
0.89016,-0.60787
-0.80023,-0.21949
1.2453,-0.85574
1.4455,-0.90008
-0.48248,-1.1018
-0.20191,-0.63017
-0.74671,-0.6174
-0.30826,-0.98786
1.3722,-0.95365
0.46433,-0.97127
-0.48347,-0.56137
1.4221,-0.48382
0.053159,-1.1007
1.0688,-0.81314
-0.53167,-0.73887
0.83449,-0.80819
-1.032,-0.51347
-1.0067,-0.44449
0.80666,-0.76415
0.90234,-0.82593
1.1442,-0.58671
0.53965,-0.93612
0.54011,-1.0798
1.0045,-0.90144
1.1666,-0.37486
0.64874,-0.9574
0.97697,-0.69999
1.0167,-1.0871
0.15466,-1.0183
-0.44224,-0.63315
-0.22148,-1.1549
-0.56154,-0.026912
-0.39748,-0.24404
1.0288,-0.55689
-0.3566,-0.73971
1.2326,-0.6227
-0.60788,-0.87498
-0.41873,-0.91714
-0.45023,-1.7054
-0.10855,-1.0394
1.351,-0.96583
-0.088203,-0.8291
1.3677,-0.54801
-0.28764,-1.0197
-0.55383,-0.50265
1.1651,-0.63277
1.1439,-0.98238
1.4477,-0.27084
1.3664,-1.0845
1.2844,-0.70715
1.0504,-1.0326
1.4295,-0.41343
0.1804,-0.92208
0.66046,-1.3264
-0.17141,-0.81153
-0.13116,-0.7935
1.1523,-0.57355
0.94472,-1.1916
-0.32376,-0.67045
1.2469,-0.49822
0.81644,-1.217
1.4937,-0.097965
0.99816,-0.97263
1.0016,-0.98295
1.1897,-0.64767
0.57916,-1.1878
0.49403,-1.1267
-0.40395,-1.3413
-0.45555,-0.31809
-0.40672,-1.015
-0.82625,-0.84288
-0.24433,-0.86453
-0.19207,-0.97557
0.86368,-0.90249
-0.80587,-0.9099
1.4418,-0.48731
-0.40899,-1.3538
-0.50274,-0.65257
-0.77704,-0.48767
1.2941,-0.78832
-0.054573,-1.1052
1.0209,-1.047
0.45986,-0.98109
-0.032544,-0.85958
1.1184,-0.61583
1.086,-1.236
0.52567,-1.2104
1.2784,-0.44027
1.5241,-0.25205
1.3172,-0.94136
-0.52637,-0.11763
1.2509,-0.83704
-0.61643,-0.34064
-0.11411,-0.85192
1.5273,-0.27415
-0.12556,-0.74769
1.3286,-0.41903
0.57363,-1.0329
-0.42434,-1.0256
0.9499,-0.92473
0.48563,-1.1003
0.55492,-1.2633
0.79493,-0.98807
0.10506,-1.2202
-0.49713,-0.36178
0.34154,-1.0769
1.222,-0.67104
-0.17022,-0.98749
1.1607,-0.86117
-0.39603,-0.7177
-0.66258,-0.38977
0.98908,-0.94968
-0.61029,-0.47791
-0.7075,-1.1444
-0.16892,-1.5401
1.4299,-0.17705
0.85991,-0.99436
-0.74042,-0.3329
-0.79455,-0.84221
0.78583,-0.80974
1.0052,-0.92792
1.2249,-0.46937
0.96337,-0.8842
0.66818,-0.80656
-0.029384,-0.76667
-0.40241,-0.34379
1.0087,-0.71687
1.4217,-0.39997
-0.7283,-0.83554
1.1269,-1.2406
1.033,-0.69832
1.3983,-0.50988
1.4246,-0.53466
-0.38707,-1.8159
-0.399,-0.95633
-0.35923,-0.38683
0.65575,-1.3539
-0.55791,-0.58559
1.0623,-0.74105
1.1031,-1.0757
1.4104,-0.77762
1.3274,-0.098845
-0.25777,-1.0106
0.028048,-1.0414
-0.067681,-1.1263
0.90194,-0.2685
0.60638,-1.1307
-0.82229,-0.56937
1.2049,-0.79269
0.73155,-1.1812
0.47314,-1.0591
-0.36377,-0.69042
1.3689,-0.79377
-0.20499,-0.83029
1.3003,-0.51972
-0.361,-0.83486
-0.036325,-1.1416
-0.38641,-0.83021
-0.31551,-0.9498
0.26678,-1.2196
0.032541,-1.0255
-0.59876,-0.97899
1.0176,-0.78319
-0.22954,-1.068
0.95442,-1.4114
0.071946,-0.84342
1.1411,-0.53583
-0.41053,-0.27972
1.2996,-0.53267
-0.53827,-0.51065
-0.28713,-0.588
1.1943,-0.49597
1.2088,-0.666
0.14578,-1.3887
1.1007,-0.80976
-0.20715,-0.76235
-0.58899,-0.62462
1.2558,-0.67466
0.98146,-0.8698
0.24847,-1.2045
-1.1401,-0.79688
-1.1716,-0.18567
-1.462,-0.45281
0.91871,-0.99424
-0.12041,-0.83889
0.94809,-0.7726
0.55201,-0.88476
-0.7043,-0.31606
-0.5429,-0.48385
1.2329,-0.96339
0.5393,-1.1038
1.1738,-0.89464
-0.050214,-0.90821
0.9153,-1.2729
0.134,-1.0846
-0.14906,-0.88534
-0.11401,-0.59908
-0.43963,-0.63821
1.0972,-0.79842
-0.2403,-0.83566
-0.41242,-0.37659
-0.084499,-0.97605
-0.11696,-0.93428
0.28938,-1.3707
-0.66292,-0.25583
-0.41063,-0.32466
0.67417,-1.0383
-0.51245,-1.1497
-0.3394,-1.2494
1.368,-0.50605
1.1714,-0.91516
0.14615,-0.89428
-0.38869,-0.42469
-0.86979,-0.39277
1.1302,-0.92901
0.26997,-1.0023
0.50229,-1.0786
0.32346,-1.4559
1.2228,-0.9846
-0.37899,-1.0551
-0.39675,-0.70873
-0.60332,-0.16373
-0.029007,-0.85846
0.91188,-0.99557
0.066261,-1.05
0.70646,-0.84189
-0.48813,-0.80151
0.96157,-0.74171
1.2199,-0.49794
1.1556,-0.97891
-0.55121,-0.65955
-0.7256,-0.51209
1.5199,-0.81094
0.55045,-1.0681
0.10889,-1.4013
1.2874,-0.58517
1.2158,-0.21352
-0.38398,-1.1193
1.3236,-0.61332
0.86461,-0.64901
-1.0293,-0.47209
-0.60406,-0.32083
-0.5542,-0.040812
1.4273,-0.88898
0.45454,-1.052
0.1221,-1.3771
0.48772,-1.361
-0.43597,-0.29986
-0.35916,-1.0047
0.80021,-1.3576
-0.13512,-0.73753
0.24615,-1.551
-0.88719,-0.33423
0.51991,-1.4245
1.1435,-0.85716
-0.70462,-0.52797
0.093945,-1.2252
0.032659,-1.1873
0.81788,-0.94469
-0.21341,-0.9475
-0.79367,-0.15234
-0.21903,-1.3181
-0.87995,-0.31703
-0.15354,-1.5143
0.73173,-0.91889
-0.42114,-0.79091
-0.14603,-1.0501
-0.89097,-0.40309
0.17737,-1.3285
1.4883,-0.16076
-0.62814,-0.035352
-0.41742,-0.30848
1.0475,-0.045667
-0.50532,-0.65787
-0.13653,-0.95257
1.3037,-0.88211
0.87248,-0.87082
0.30943,-1.5327
0.86734,-0.89592
1.4129,-0.6444
1.1274,-1.5198
-0.67144,-0.699
-0.75969,-0.3928
0.7161,-0.93614
0.80838,-0.9011
-0.17593,-1.1545
0.080587,-1.0812
-0.29826,-0.34541
0.11778,-1.0383
0.050567,-1.0734
-0.056896,-1.2102
1.527,-0.36179
0.62833,-1.0369
-0.049223,-0.94357
0.76993,-1.5143
0.59172,-1.1446
1.4332,-0.24148
0.77822,-0.93424
1.3683,-0.044557
0.3483,-1.2227
1.5353,-0.51968
0.83016,-0.005412
0.66202,-1.1858
-0.80286,-0.3907
0.50781,-1.4188
-0.69761,-0.62625
0.27893,-1.0893
-0.65864,-0.28963
0.26184,-1.0477
1.0156,-0.88188
0.24495,-1.0425
0.26226,-1.0455
0.40888,-1.2589
-0.51224,0.10248
1.0237,-0.70281
-0.20236,-0.68709
0.9578,-1.0788
1.1804,-0.65056
0.76382,-1.2674
-0.24693,-0.72094
-0.44184,-0.48454
-0.2595,-0.51531
-0.61007,-0.10785
-0.41987,-0.55899
1.2714,-0.74562
1.2481,-0.35597
1.2129,-0.044363
-0.94052,-0.040682
-0.63251,-0.25451
0.97319,-0.55461
0.67888,-1.3354
0.9857,-0.70343
-0.72436,-0.51523
-0.59332,-0.056515
0.18719,-1.207
0.28581,-1.0157
1.2245,-0.53771
-0.5727,-0.26625
0.12661,-0.99716
-0.71327,-0.19894
1.3349,-0.36191
1.0022,-1.1607
-0.59502,-0.23468
0.83287,-0.90369
-0.60775,-0.21555
-0.068566,-1.1196
1.4536,-0.64438
1.0159,-0.063721
-0.87542,-0.40488
1.0319,-1.2039
-0.60754,-0.61244
-0.19799,-1.2818
-0.40975,-0.18389
0.4647,-1.3976
1.4052,-0.22007
0.27665,-0.8748
-0.5313,-1.298
-0.48796,-0.79879
1.3492,-0.098173
-0.52258,-0.73931
0.066108,-0.94126
0.64062,-1.0866
-0.24803,-0.37619
1.3491,-0.74486
-0.3881,-0.85554
-0.35402,-0.71881
1.4457,-0.52208
0.17334,-0.94462
0.60295,-1.2036
1.1187,-0.23498
0.49955,-1.2641
-0.23723,-0.90594
-0.52335,-0.38938
1.2831,-0.54717
-0.63749,-0.47887
1.3319,-0.97065
0.072302,-1.2576
1.5254,-0.24038
1.4081,-0.49021
-0.8979,-0.39909
0.8274,-0.99703
0.23822,-1.1639
1.1805,-1.4142
0.84537,-0.81897
1.1686,-0.31096
0.20229,-0.98437
-0.67199,-0.32154
-0.44552,-1.0834
1.5284,-0.74461
1.0942,-0.85743
-0.14568,-1.116
0.10523,-1.1525
-0.47674,-0.34898
1.3042,-0.60768
-0.76481,-0.8504
0.66254,-0.9601
0.07461,-1.1379
0.36682,-1.5706
1.1397,-1.0623
0.70325,-1.1423
0.70901,-0.8967
-0.031271,-1.1234
-0.66982,-0.78176
1.0109,-0.30913
1.313,-0.38841
1.4139,-0.7899
1.3074,-0.33028
0.76548,-0.98982
-0.67479,-0.224
1.3747,-0.67066
0.37915,-0.79598
-0.33286,-0.65767
1.2987,-1.4931
-0.58718,-0.14364
0.22141,-1.0188
-0.23611,-0.78319
0.20598,-1.0646
1.4828,-0.32788
-0.78166,-0.26109
0.5269,-0.9441
-0.14068,-0.95288
1.0666,-0.15678
-0.82063,-0.59351
1.3652,-0.4847
1.3788,-0.74697
0.52837,-0.96786
-0.56974,-0.70455
0.095297,-0.89844
1.0932,-0.7502
0.57648,-0.95456
0.39266,-1.1294
-0.36025,-1.0554
-0.6524,-0.17807
0.18692,-1.0323
-0.19226,-0.94816
-0.0384,-1.0471
-0.036755,-1.2967
-0.68158,-0.53971
-0.75088,-0.87252
0.85208,-1.2751
-0.026294,-1.186
-0.63455,-0.15751
1.1075,-0.31347
0.023942,-0.82252
1.335,-0.93396
0.35257,-1.4016
-0.38124,-0.24014
-0.56162,-0.48631
-0.64809,-0.84697
1.1378,-0.76533
0.76817,-1.2357
0.69622,-0.99106
0.90757,-0.90038
-0.47664,-0.5505
-0.60265,-0.2097
-0.54356,-0.36757
1.0917,-0.71876
0.85208,-1.3701
0.021684,-0.94456
-0.35979,-0.81355
-0.35601,-0.65006
-0.40575,-0.50575
0.12886,-1.1349
0.050689,-0.85757
-0.45266,-0.94024
-0.11901,-0.8285
0.38995,-1.0038
0.27909,-1.0311
0.43596,-1.2239
-0.85111,-0.36569
-0.54349,-1.0289
1.0622,-0.8792
-0.19409,-1.1229
-0.33385,-0.5171
1.2307,-0.74516
0.98779,-0.98072
0.75609,-1.0474
-0.2755,-1.1143
-0.082863,-1.0792
1.2987,-0.27785
-0.49464,-0.59641
0.83406,-0.84894
1.0375,-1.1232
0.34336,-2.0493
-0.19171,-1.1721
0.91871,-0.60947
0.933,-0.993
-0.58917,-0.92046
0.61902,-1.0179
0.4993,-1.2361
0.12014,-1.1674
0.6204,-1.2201
1.3139,-0.44664
0.61195,-1.4496
1.1726,-0.87991
-0.20553,-1.1092
0.20846,-1.3346
0.29679,-0.91847
0.99424,-0.92579
0.98696,-0.46789
1.1349,-1.1134
0.51208,-1.1186
0.73906,-0.85664
1.1377,-0.95412
0.76921,-0.6277
1.0542,-0.7815
-0.51387,-0.40553
-0.80954,-0.66562
-0.38966,-0.95465
0.65161,-0.62945
-0.17341,-0.84478
0.10071,-1.3468
-0.54472,-0.82972
-0.77364,-0.97252
0.81145,-0.99878
-1.0185,-0.41852
1.1596,-0.79691
-0.5786,-0.386
-0.341,-0.58054
1.0161,-1.247
-0.37207,-0.42705
-0.4975,-0.12492
0.50003,-0.60052
-0.3291,-0.74364
-0.32191,-1.116
-0.57221,-0.29867
1.4215,-0.82427
0.74079,-1.1028
0.50132,-0.92174
1.0162,-1.0706
-0.53002,-0.32189
-0.090616,-0.96463
0.47326,-1.5992
-0.064155,-1.0815
-0.14121,-0.95029
0.71829,-1.2215
-0.42395,-0.67657
-0.54134,-0.9102
0.30092,-1.0185
-0.72433,-0.30188
-0.65109,-0.6469
-0.48088,-1.1573
0.014824,-1.2984
0.92725,-0.79304
0.30662,-1.2419
0.9881,-1.0576
-0.076288,-1.0321
0.58905,-1.1672
0.9175,-1.1613
0.97892,-0.91513
1.0162,-0.32191
-0.48162,-1.072
1.205,-0.83095
0.54591,-1.0623
1.63,-0.15776
-0.14639,-0.7986
-0.48032,-0.65915
0.013979,-0.76665
0.059944,-1.1606
0.37133,-1.4175
-0.64053,-0.41569
-0.061109,-0.91324
-0.34968,-0.82868
-0.75794,-0.45079
0.85456,-0.82469
-0.34252,-0.66692
0.65197,-1.2675
0.70919,-1.3379
1.3654,-0.84953
-0.55319,-0.50936
0.90824,-0.79613
-0.23954,-1.1574
0.95876,-0.6801
-0.41349,-0.29432
1.4688,-0.88328
1.4085,-0.43687
0.79931,-0.84909
0.53741,-1.1662
-0.10814,-0.96218
0.91194,-0.98468
0.50616,-0.8858
1.4545,-0.99265
0.48158,-1.2383
0.81868,-1
-0.21017,-0.89324
-0.71416,-0.26193
-0.3532,-0.72188
0.84237,-0.66672
1.2671,-0.55412
-0.72056,-0.48313
0.25316,-1.1733
0.31034,-1.1445
-0.28375,-0.75748
0.5965,-1.0375
0.3909,-1.1077
-0.11507,-1.2251
-0.70964,-0.28871
-0.22795,-1.3016
0.39392,-1.0432
-0.69911,-0.026632
0.31947,-1.1328
-0.21672,-1.2001
1.4155,-0.17536
0.78964,-0.89774
-0.21185,-1.1694
1.3346,-0.3957
-0.39765,-1.2493
-0.64205,-0.41129
-0.064846,-0.94576
-0.49094,-0.12499
-0.26452,-0.73668
0.47906,-1.2807
-0.31684,-0.80381
-0.60339,-0.22947
0.99297,-0.84082
1.2517,-1.0816
1.442,-0.41843
1.5209,-0.27697
0.45061,-1.1758
1.1388,-1.2034
1.3684,-0.62381
0.12188,-0.89267
1.261,-0.61205
-0.54138,-1.069
-0.65248,-1.0972
-0.36902,-0.56258
0.23285,-1.0099
1.2023,-0.35212
1.1469,-0.38149
-0.67313,-0.69684
0.94458,-0.79392
1.4087,-0.65508
-0.75156,-0.39092
0.66803,-1.1989
0.55611,-1.9815
-0.51312,-0.81757
-0.01707,-1.0761
0.97311,-0.74231
1.3659,-0.38933
-0.51106,-0.92322
-0.40759,-0.8294
1.1836,-0.9558
0.28204,-1.0903
-0.53256,-0.82854
-0.31831,-0.56412
-0.64104,-0.86425
1.2371,-0.084354
0.65389,-1.031
1.172,-0.91205
1.1248,-0.65418
0.022885,-1.1185
0.76777,-1.2227
1.292,-0.34642
-0.38729,-0.61659
0.7044,-1.0787
-0.25586,-1.0493
0.78851,-0.95716
0.15071,-1.1936
0.54236,-1.0788
-0.15997,-1.1413
1.567,-0.13051
0.85331,-1.1584
-0.7336,-0.024123
1.2256,-0.36845
-0.020991,-0.94458
-0.28783,-0.99705
1.0407,-0.83896
0.16211,-1.0849
-0.67061,-0.10962
-0.56328,-0.21553
-0.39819,-0.85659
1.2216,-1.1824
0.75421,-0.26979
-0.2146,-0.79604
-0.57203,-0.92727
0.23532,-1.193
1.1026,-0.48843
1.1629,-0.35164
1.3026,-0.35725
-0.21001,-0.92535
-0.6798,-0.62271
-0.48453,-0.86651
-0.3,-0.82719
1.5422,-0.33197
0.082626,-1.3219
0.29136,-1.6148
0.18866,-1.0728
1.1993,-0.70186
-0.11403,-0.87274
1.3853,-0.80209
-0.55054,-0.46533
0.8464,-0.96885
-0.17101,-1.1853
1.1554,-0.75842
-0.72428,-0.4697
-0.68722,-0.768
-0.65368,-0.29103
0.11793,-0.94629
-0.61286,-0.10222
-0.18086,-1.0977
1.3554,-0.46929
1.0593,-0.54447
-0.57434,-0.94505
1.0336,-0.32262
1.2079,-0.27061
1.3906,-0.43918
-0.33128,-0.98543
-0.48836,-0.76894
1.2544,-0.80752
1.162,-0.82311
1.3624,-0.51635
0.5814,-0.98227
0.64388,-1.1886
0.054816,-0.88438
-0.45806,-1.3747
0.64797,-1.1142
0.65538,-1.2643
0.33928,-1.1676
1.1651,-0.68931
-0.3619,-0.26304
-0.56269,-0.5762
0.64764,-0.9073
0.60207,-0.85133
-0.2368,-0.81437
-0.49758,-0.96947
-0.40456,-0.86703
1.4156,-0.9029
0.5711,-0.93188
0.76326,-1.1517
0.50633,-1.1682
-0.52438,-1.0043
-0.36413,-0.89091
0.32161,-1.0037
