0.37255,-0.18902
-0.34573,0.98813
-0.60416,0.70319
0.12565,0.70375
0.35595,0.22083
-1.3734,0.24162
-0.72597,0.69962
-1.5411,0.7892
0.43623,0.17516
-1.4645,0.41844
-1.5167,0.52282
-0.33325,0.89994
0.10128,0.60478
0.07884,0.4222
-1.3593,0.66984
-0.33706,0.81994
-0.77983,0.88995
0.11956,0.58166
-1.2869,0.68735
-1.508,-0.07486
-2.0387,-0.27251
-1.7095,0.32557
-1.0315,0.9421
0.38503,0.36103
-1.4548,0.56474
-0.0083698,0.34084
0.33636,0.045223
-0.5004,0.47478
-2.0719,-0.042798
-0.24123,0.55136
-1.4352,0.69548
-0.3067,1.0536
0.2641,0.19614
-0.20296,0.71331
-0.26595,0.10858
0.16913,0.86915
-1.0486,0.83937
-1.1813,0.68126
-0.1901,0.71895
-0.20982,0.78322
-1.5951,0.33525
-2.1663,0.33374
-0.65924,0.7752
-0.080755,0.45951
0.56216,-0.23773
-1.7425,0.53004
-1.7326,0.46013
-1.5346,0.28548
-1.1076,0.74654
0.4287,-0.070401
-0.40645,0.85245
-1.4467,0.47696
-1.5888,0.2897
-1.4152,0.57709
-1.5357,0.63011
-0.31883,0.21319
0.32089,0.5538
0.46986,0.23076
-0.88524,0.60567
-1.1856,0.5335
0.20803,0.24385
0.21012,-0.12212
-0.98831,0.92769
-1.8962,-0.28613
-0.96851,0.65973
-1.6514,0.20872
0.21177,-0.28572
-1.2551,0.75861
-0.20182,0.60815
-1.0056,1.0888
-1.601,0.14302
0.3124,0.40572
0.14631,0.31085
0.26444,0.70665
0.42449,0.50762
-1.1214,0.79415
-1.783,0.20631
-1.3498,0.51922
-1.2347,0.43288
-1.4163,0.080225
-0.16121,0.65004
-0.65601,0.93804
0.13974,0.42383
0.2019,0.25714
0.36595,0.58971
-0.45957,0.71169
-0.17247,0.47324
-0.68765,0.80043
-0.20473,0.55525
-1.5999,0.227
-0.66768,0.83245
-0.85969,0.84012
-1.5892,0.13041
-1.433,0.25776
0.3519,0.10515
-0.27876,0.77903
-1.6353,0.2701
-1.1724,0.60087
-1.4476,0.48692
-0.65976,0.92209
0.39756,0.26464
-1.6628,0.32063
-0.18861,0.8183
0.36979,0.4196
-0.50001,0.82424
-1.7783,-0.39522
0.44217,0.026797
0.16706,0.27731
-0.76737,0.91826
-0.99973,0.69845
-0.23991,0.056455
0.46098,0.094013
-1.676,0.23935
-0.037907,-0.20079
-0.2677,0.7975
-0.26544,0.85884
-1.3365,0.18595
-0.42429,0.70781
0.45758,-0.04907
0.22621,0.3687
-0.28044,0.6087
-0.86926,0.9269
-1.4976,-0.043936
-0.10594,0.57007
0.14292,0.9041
-0.70629,0.73434
-1.6098,-0.15848
0.24446,0.73949
0.40051,0.40644
-1.6845,-0.0045843
-1.465,0.33385
0.43426,-0.26495
-0.83585,0.85479
-0.010019,0.79915
-0.59863,0.78236
-1.646,0.61298
-1.4506,0.23486
0.31512,0.21914
0.47366,-0.023442
-1.5571,0.76488
-1.3732,0.51478
-0.39903,0.88247
0.10623,0.30272
-1.5033,0.61839
-1.0608,0.91585
0.32793,0.48498
-2.0299,0.13893
0.16394,0.094757
0.024696,0.53479
-0.89692,0.62985
-1.8247,0.36104
-0.86196,0.33423
-0.6264,0.75182
-1.7522,0.27783
-0.137,0.86645
0.055788,0.7024
0.52426,0.19962
0.038269,0.47481
0.35481,0.32461
-0.07892,0.63951
-0.24893,0.68526
-1.4011,0.31541
0.09901,-0.14974
0.3183,0.15945
-0.024957,0.49783
-1.3742,0.11548
-1.4305,0.56218
-0.61871,0.60654
-1.449,0.63126
0.41268,0.45872
-1.7362,0.37691
-1.4587,0.21437
-1.6449,0.39937
0.17769,-0.19926
-1.3149,0.46821
-1.4712,0.69147
0.22226,-0.76174
-1.2965,0.49921
-0.32346,0.87929
-0.56405,0.98451
0.18566,0.6796
-1.611,0.35068
0.11765,0.7745
0.23389,0.67878
-1.6018,0.089984
-1.3253,0.63129
-1.1121,0.90518
-1.0566,0.53908
0.32255,-0.0006755
-0.51079,0.22106
0.46188,0.27525
0.23555,0.2328
-1.0248,0.79509
-0.42261,0.92099
-1.1819,0.69939
-1.0012,0.60284
-1.7833,0.13784
0.082388,0.35201
0.49416,0.2755
0.29651,0.16705
-0.54791,0.72762
-1.6542,0.17917
-1.3177,0.15268
0.30161,0.12144
-0.24487,0.53481
-0.34607,0.42704
-0.38261,0.98328
-0.78035,0.88424
-1.0783,0.80348
-1.4576,0.10473
0.082719,0.42802
0.29316,-0.26981
-1.2836,0.78483
-0.85387,0.92785
-0.67266,0.89298
0.31637,0.50461
-0.30124,0.8199
-1.1494,0.3921
-0.24218,0.70555
-0.67205,0.65482
0.26719,0.22458
-1.6302,0.35917
-0.56033,0.46059
-1.37,0.17629
-1.641,0.30851
-0.56659,1.1244
-0.52505,1.1335
-1.5574,0.095881
-0.33355,0.70554
-1.1818,0.33502
-0.66361,0.59001
-1.6465,0.37542
0.042194,0.75462
-0.35322,0.84447
-0.98203,0.77496
-0.65178,0.84654
-0.95756,0.61977
-0.56015,1.0073
-1.2516,0.54192
-1.2548,0.5944
0.12681,0.32364
0.40696,0.27386
-1.819,0.043615
-1.3185,0.10219
0.21829,0.247
-0.41257,0.99018
-2.0753,0.05834
-1.7505,0.48404
0.11628,0.54282
0.015153,0.57855
0.20262,0.46501
-0.19798,0.24836
0.020074,0.50915
0.21772,0.41488
-1.2178,0.232
-0.30064,0.46589
-0.78822,0.57231
-0.31642,0.78014
-1.473,0.64559
0.31851,0.25087
-0.21548,0.74248
-0.91747,0.8836
-2.1221,-0.23868
0.24163,0.10539
-1.407,0.10554
-0.78893,0.61207
-1.5757,0.30747
0.29712,-0.1302
-0.019947,0.89919
0.17051,0.31387
-0.49986,1.0176
-1.068,0.26814
-0.90644,0.82127
0.12006,0.14641
0.59322,-0.19968
-1.7702,0.10809
-1.5823,0.35971
-1.0589,0.52807
-1.1172,0.8043
-1.3698,0.62435
0.13003,0.576
-1.6166,0.44091
-0.78852,0.98181
0.17523,0.11397
-0.11997,0.60648
-0.976,0.82978
-0.49673,0.5357
-1.2345,0.29609
-1.8293,-0.29326
0.39688,0.17108
-0.45433,0.84905
-1.3585,0.44008
-0.12794,0.59742
0.037644,0.61045
-0.83667,0.8681
-1.5245,0.32145
-1.0549,0.70445
-0.74464,0.89204
-1.7181,0.76676
-1.5255,0.20071
0.27889,-0.027294
-1.4975,0.46533
-0.66413,0.92022
-1.0167,0.95856
0.38485,-0.69561
-0.81658,0.92799
-1.5934,0.43561
-0.11696,0.74678
-0.78815,1.1842
-1.1643,0.61794
-1.6229,0.39268
0.1932,0.19597
-1.4012,0.57319
0.29724,0.25178
-0.77865,0.74014
-0.89316,1.0053
-1.2577,0.794
-0.8558,0.61695
-0.1527,0.81263
-0.39893,0.61676
-1.6987,0.15054
0.23588,0.36757
-1.2604,0.77926
0.47055,0.41265
-0.98309,0.72869
-0.98526,0.97941
-0.71188,0.86329
-0.096539,0.74524
-1.7223,0.39575
0.21832,0.33626
-1.4694,0.38403
0.089674,0.44554
-1.7545,-0.32017
-1.5466,0.28193
-1.092,0.90045
-1.7467,0.1526
-0.1322,0.53158
-1.3747,-0.01912
0.30818,0.44147
0.22683,0.42171
-0.17457,0.68208
-0.25882,1.0023
-0.85249,0.83153
-1.664,-0.34441
-0.68823,1.0996
-1.6186,0.16259
-0.96336,0.81723
0.39038,-0.19573
-1.2854,0.7941
-0.93402,0.75309
-0.64249,0.64765
0.45672,0.13341
-0.84505,0.85462
-1.4707,0.18265
-0.55084,0.79213
-1.0272,0.66345
0.30833,0.28484
-0.96026,0.9867
0.52294,0.53183
-0.050065,0.73502
0.2573,0.45477
-1.1209,0.84959
-0.71715,0.57737
-1.5132,0.4713
0.47714,0.056148
-1.507,-0.0033098
0.087375,0.24823
-0.77661,0.90793
-1.6471,0.16209
-0.82893,1.0868
-0.2841,0.20074
-1.4358,-0.73768
-0.076332,0.81145
-1.0633,0.47574
-0.8132,0.85937
-0.93644,0.92015
-0.71174,0.8018
-0.80202,0.97758
-0.521,0.89407
0.40731,0.37105
-0.0097399,0.37524
0.36243,-0.17573
-1.577,0.55817
0.26993,-0.68873
-0.47259,1.1842
0.42836,0.24718
-0.40179,0.9388
0.19919,0.63
-0.34829,1.0681
-1.8735,0.34005
-0.46025,0.87808
-0.024561,0.66828
-0.90765,0.88944
0.32982,0.37384
-0.7375,0.31316
-0.25532,0.84447
-1.3729,0.68155
-1.4771,0.5866
-1.1998,0.56429
-0.0080053,0.52486
-1.5111,-0.0020189
0.34314,0.44278
-0.56524,0.60823
-0.70644,0.87647
-1.3654,0.79221
0.19054,0.57024
0.41412,-0.2378
-1.0835,0.9294
0.14768,-0.76114
-0.18914,0.94637
-0.060651,0.28319
-1.2609,0.53551
-0.30639,0.9139
0.13035,0.43682
-0.91417,0.39445
-1.5391,0.20562
-0.53965,0.78995
-1.4678,0.4794
-1.2428,0.82859
-0.51533,0.72639
0.35161,0.61415
-1.0596,0.5404
-1.5782,0.27385
-1.1012,1.0642
-0.98826,0.58585
-0.80221,1.0708
-1.8525,0.0373
-0.69429,0.49284
-1.27,0.89534
-1.1951,0.54377
0.22637,0.40627
0.15285,0.49676
-0.77186,0.29472
0.27079,0.49041
0.48836,0.27826
-0.77516,0.58888
-0.3795,0.82651
0.38408,-0.36073
-1.1328,0.49066
-0.32287,0.72702
0.40405,0.053435
-0.24274,0.47111
0.058315,0.67755
-1.588,0.057905
0.054117,0.61628
-1.4652,0.37748
-0.53314,0.95299
-1.0856,0.62829
-2.0877,0.58085
0.43904,-0.060133
0.0042974,0.42839
-1.586,0.51424
-1.411,0.44618
-0.34817,0.94254
0.045501,0.72046
-1.052,0.62205
-0.34579,0.44531
-1.7418,-0.13989
0.086829,-0.16307
-0.43255,0.45728
-0.8237,0.76806
-1.5611,0.83281
0.24943,0.49513
-1.0545,0.74803
-0.2707,0.83727
-1.3586,0.61165
-1.0033,0.83444
-1.5108,0.11351
0.37604,0.25583
-0.56195,1.0532
-1.2752,0.3657
-0.36163,-0.06755
-0.66699,0.85415
-1.4961,0.68248
-1.358,-0.38787
-1.4224,0.011472
-1.2019,0.72752
-1.6039,0.62059
0.57024,0.24638
0.22621,0.55112
-0.34728,0.79296
-1.712,0.10805
-1.5206,0.6197
-1.4273,0.14782
0.26895,0.55874
0.2884,0.73473
-1.5373,-0.10711
0.14951,0.20173
-0.77288,0.67776
-1.3434,0.60852
-0.57769,0.62149
0.14424,0.18217
-0.58233,1.0283
-1.312,0.76457
-1.2219,0.49341
-1.0806,0.64857
0.09795,0.48069
-1.3733,0.60942
-1.545,0.038555
-0.16845,0.73828
-0.22011,1.0018
-1.4219,0.11773
0.111,0.52216
0.28109,0.14945
-1.9423,0.10544
-1.0172,0.71466
0.089627,0.69843
-1.576,-0.5558
-1.4804,0.18354
-0.68721,1.0188
0.118,0.53041
-1.2714,0.71474
-1.164,0.9937
-1.6556,0.15101
0.43132,0.34363
-1.6504,0.12423
-1.1788,0.05859
-1.7281,0.11884
-1.7194,-0.055548
-1.5898,0.44992
-1.793,-0.19509
-2.1572,-0.17855
0.17505,0.3311
0.30651,-0.14828
-1.6922,0.1852
-0.47209,0.77356
-1.6602,0.27537
-1.2067,0.66819
-0.34721,0.71477
-1.5953,0.47044
-0.022436,0.76522
-0.58838,0.70647
-1.6502,0.099662
-1.5599,0.036861
-1.5976,0.028783
-0.51413,0.91359
0.09263,0.91733
-1.2066,0.84424
-1.8328,0.16496
-1.8077,0.35165
-0.71145,0.88737
0.30015,-0.10957
-0.11512,0.91108
-0.61592,0.84149
0.2076,-0.02199
-1.5558,0.3777
-0.073301,0.71943
-1.0564,0.75108
0.19519,-0.12609
-1.4128,0.047667
-0.18727,0.88932
0.2017,0.18706
-0.2112,0.58411
0.42143,-0.21395
0.032642,0.70988
-1.8764,0.078357
-1.6156,0.074897
-1.3663,0.037308
-1.1836,0.94592
-1.2301,0.44805
0.48294,0.35789
-0.22466,0.6365
-0.79095,0.60558
-2.3921,0.20293
-1.4696,-0.27588
-0.2692,0.80583
-0.14728,0.70309
-0.94499,0.90024
0.29756,0.39023
-1.1938,0.74986
-1.4319,0.46387
-1.6499,0.037806
-1.075,0.34686
-1.769,0.54881
0.4269,-0.1225
-0.9684,0.89317
0.21478,0.34715
-1.0871,0.89486
-0.098621,0.74662
-1.0689,0.81445
0.029417,0.69295
0.44914,-0.1404
0.5025,-0.23935
-1.1914,0.75488
-0.82979,0.29763
-0.24429,0.48141
-1.6654,0.23469
0.26169,0.317
0.3338,0.036729
0.051606,0.67057
-1.5182,0.060009
0.064532,0.39005
-1.4276,0.85758
-0.98398,0.91394
-1.1918,0.86862
-1.3855,0.45631
-1.0295,0.59342
-0.041007,0.5353
-1.3668,0.74634
-1.6174,0.16829
0.20743,0.445
0.13774,0.41164
-0.11138,0.42958
0.37219,0.13622
0.364,0.19916
0.084165,0.36962
-1.0579,0.55815
-1.7639,0.16489
-0.74181,0.64391
0.44204,-0.088568
-0.97349,0.79556
-1.2517,0.31619
-1.7363,0.25359
-1.6542,0.059241
0.21376,-0.17039
-1.4617,0.054711
-1.6136,0.10113
-0.32468,0.64788
-0.079214,0.17129
-1.2364,0.64037
-1.1844,0.89761
-1.4542,-0.27577
-1.558,0.81374
-1.5776,0.69146
-0.66848,1.054
-1.2247,0.60824
-1.0122,0.71725
-0.71957,0.82478
-2.2733,0.36907
-0.66501,0.8728
0.31076,0.013806
-1.6571,0.23621
-0.4213,0.92646
0.2276,0.32256
-1.099,0.7935
-0.10463,0.82058
0.3422,0.71052
-0.7618,1.0919
-0.78412,0.62957
0.3987,0.30325
-0.00079448,0.29743
-1.3082,0.31881
-0.99562,0.7036
-1.8609,-0.46988
-1.1997,0.72079
0.28711,0.32505
-0.47904,1.0832
0.39131,0.26601
-1.072,0.5046
-2.1659,0.1597
-0.48269,0.55364
-1.394,0.83896
-1.1849,0.48575
-1.7325,0.42315
-1.6469,0.33132
-0.026884,0.44627
-0.42409,0.51682
-0.35333,0.85655
-0.44789,0.50778
-1.058,1.0589
0.31196,-0.0074404
-0.50442,0.94854
-1.642,0.025059
0.26176,-0.17299
0.27406,0.089898
-0.51187,0.98804
0.025373,0.47852
-0.15637,0.49646
-0.026174,0.72062
0.25683,0.043774
0.28381,0.053785
-0.9728,0.97278
-0.91199,0.75103
-0.62789,0.77142
0.35843,0.13196
-1.4697,0.092068
0.33954,0.61031
0.43104,0.26378
-1.6511,0.25973
0.29817,0.15927
-0.35953,0.8176
0.51025,0.26149
0.19084,0.24531
-1.5544,-0.091697
-1.8997,0.2482
-0.70847,0.78176
0.11655,0.40573
-0.15178,0.89652
-0.832,0.85429
0.21652,0.53867
0.078295,0.16967
-1.8371,0.33017
-0.49671,0.81497
-1.3407,0.8445
-0.59096,0.80984
0.15889,0.47715
-1.6815,0.53541
0.21966,-0.027889
-0.32324,0.45413
-0.93193,0.74007
0.067305,0.38562
-0.54391,-0.062428
0.195,-0.034176
0.28717,0.53667
-1.3671,0.44948
-1.4599,0.49007
-0.39473,0.62862
-0.13012,0.64361
0.22544,0.59642
-0.30282,0.83364
-0.94416,0.7457
-0.23734,0.80442
-1.0618,1.0311
-0.82748,0.96727
-1.7676,0.31102
-1.7348,-0.21451
-0.53337,1.0286
-0.65247,0.5585
-1.9018,0.53679
-0.66228,0.82621
-1.003,0.97517
-0.36924,0.638
-0.49774,0.85647
-0.32326,0.72866
-1.5436,0.64093
-1.5239,0.20664
-1.5659,0.54501
-0.58161,0.87061
-1.6824,-0.27495
0.25418,0.011862
-1.6285,0.52585
0.37201,0.22428
0.26833,-0.44331
-1.7307,0.11897
-1.1142,0.81383
0.14606,0.45811
-0.96328,0.41012
-1.6032,0.11315
-0.031708,0.3873
-1.7898,0.5375
-1.4701,0.62733
-1.1743,1.0207
-0.49492,0.50287
-0.26494,0.71686
-0.54915,0.87344
-0.64405,0.91968
-0.65944,0.92945
-0.69248,0.71857
-1.5111,0.48095
0.38572,0.45633
-0.26137,0.65881
-1.2894,0.32035
-1.7229,0.73697
-1.2639,0.6048
0.1029,0.84967
-0.26476,0.54996
-1.2907,0.72162
-0.13913,0.17958
-1.4009,-0.96773
-0.91861,0.51477
-1.2641,0.64493
0.081847,-0.098204
-1.4925,-0.32643
-0.29557,0.45495
0.0041518,0.1108
-1.5407,0.14075
-1.2285,0.41215
-0.10224,0.77299
0.44116,0.35871
-1.7309,-0.26935
-1.8309,-0.1596
-0.053327,0.61557
-1.4567,-0.2001
-0.46695,0.72038
0.071025,-0.01251
-0.19021,0.67553
-0.49475,0.76301
-1.9963,-0.14849
0.41058,-0.16794
-0.45122,0.75478
-1.7302,0.18285
-0.28306,0.92033
0.47971,-0.035499
-1.687,0.37131
-1.0368,0.82384
-0.63063,0.84611
-1.1493,0.76609
-1.1162,0.55197
-1.3398,0.36304
0.20697,-0.21223
0.34205,-0.16507
0.14656,0.59275
-0.67548,0.72363
-0.38845,0.87552
-0.32272,0.62187
0.23321,0.46283
0.10709,0.46133
0.43092,-0.078976
-0.12197,0.068854
-0.95545,0.78211
-1.5094,0.69673
-1.5402,0.32021
-0.38972,0.65461
0.0037787,0.98075
-0.91794,0.78435
-0.25646,0.74154
0.50896,0.17628
-0.06247,0.41125
-0.68001,0.31727
0.17958,0.35468
0.45219,0.22282
-0.31869,0.77529
-0.47134,0.65989
0.49015,0.030631
-0.68057,1.1284
-0.26271,0.60785
0.083671,0.35864
-0.079375,0.62912
-0.99438,0.90894
-1.6098,0.15054
-1.697,0.21564
-0.91824,0.73787
-0.34049,0.8943
0.39113,0.40813
-1.187,0.3228
-1.4481,0.55166
-1.3665,0.32723
-0.28268,1.0295
0.27947,0.57569
-1.0283,0.79296
0.039427,0.70945
-1.3413,0.75149
-1.5749,0.13931
0.13299,-0.10063
0.2202,0.36245
0.27574,0.18807
-0.34112,0.92212
-0.90213,0.74255
-0.055854,0.5654
0.19945,0.72141
-1.5943,0.3545
-1.2989,0.64156
-1.8123,0.56247
-0.66968,0.76472
-0.57795,0.65427
-1.6777,0.73015
-1.2582,0.68753
-1.2314,0.52602
-0.43972,0.9029
-0.65333,0.86006
-0.90147,0.99042
-1.6844,0.11378
-1.2534,0.58905
0.24009,0.29753
-0.5932,0.86684
-0.94064,0.80764
-1.4406,0.20254
-0.16991,0.7271
-0.094177,0.53818
-1.035,0.74984
-1.5501,0.076656
-1.2847,0.71507
0.18884,-0.13245
-1.3202,0.56961
0.23608,0.37182
-1.0063,0.76603
-1.0778,1.0119
-1.1961,0.88387
0.27482,0.29715
0.45571,0.28401
0.2062,0.03234
-1.5603,-0.39144
-0.11352,0.68872
-1.1723,1.1176
0.1756,0.44058
-1.6763,-0.028828
-0.065883,0.83038
0.49412,-0.11693
-0.12896,0.52241
-1.8116,0.022202
-0.3608,0.67227
-1.0497,0.79167
-1.031,0.81666
-1.8202,0.36933
-1.5599,0.36804
-1.5099,-0.36167
-0.92776,0.52137
-0.946,1.0318
-0.59369,0.95078
-0.61698,0.7605
-1.69,0.28776
-0.36321,0.97473
0.098057,0.24105
-1.2285,0.65624
-1.7839,0.022621
0.022506,0.15811
-0.80682,0.91266
-0.8566,1.0826
-0.31655,0.68607
-0.12103,0.17603
-0.37881,0.2784
-0.57665,1.0059
-0.14882,0.84738
-1.158,0.76018
-0.75072,0.5279
-0.074194,0.42666
-1.3946,0.35958
0.316,0.7008
-0.36077,0.77432
-1.4907,0.31482
-1.6572,0.36145
-1.1659,0.63335
0.41014,0.026412
-1.2622,0.47106
0.18997,0.24075
-1.5508,0.36718
-1.7221,0.3804
-1.3665,0.73864
-0.35223,0.69872
-1.5663,0.37424
0.34349,0.28166
0.35226,0.36871
0.36855,0.11483
0.50629,-0.044153
-1.2055,0.76828
-1.5948,0.46922
-0.97028,0.83485
0.58854,-0.16792
-1.428,0.33937
-2.1286,-0.31919
-1.5957,0.050891
0.41759,0.18097
0.33996,0.49984
-0.20756,0.63691
-0.23489,0.85402
0.0095603,0.60289
-1.4683,0.59926
-1.9493,0.49994
-0.10218,0.22676
0.086426,-0.0091868
-0.15079,0.44953
0.24876,0.34599
-0.054041,0.89184
-0.21305,0.94953
-1.6839,0.86167
-0.063598,0.35474
-0.50029,0.56611
-0.32803,0.97642
0.21602,0.00079223
-0.21663,0.36573
-1.4371,0.47973
-1.43,-0.039331
-1.3842,0.41452
-1.4843,-0.038315
-1.7568,0.094447
-1.4943,-0.084655
-1.4535,0.57891
-1.0897,0.68923
0.052707,0.78911
-0.032153,0.51801
0.15052,0.50782
-1.9832,0.0729
-1.4822,-0.28506
-1.2943,0.57755
0.49017,0.39387
-0.87122,0.77835
0.15806,0.24998
-1.161,0.64109
-1.64,0.08391
-0.16162,0.69719
-1.5452,0.52335
-0.96081,0.5366
-1.537,0.7241
-0.040272,-0.053193
-0.65764,1.007
-1.6706,-0.049692
-1.7433,0.32053
0.21199,0.40295
-0.72699,0.95767
-0.82209,0.88891
-0.46611,0.80772
-1.5911,-0.2953
-1.2063,0.52497
-0.21141,0.72204
-0.44691,0.96468
-1.4989,0.5655
0.16097,-0.50718
0.21939,0.627
-0.1142,0.85476
-1.209,0.83361
-0.82917,0.71513
-1.4605,0.52932
-0.3638,0.87186
-1.558,0.79353
-1.1719,0.6671
0.049655,-0.060675
-1.739,0.32267
-2.4317,0.18569
-0.15187,0.92383
-0.2501,0.79215
0.13984,-0.13503
-1.0739,0.68538
-0.34009,0.70726
-0.066388,0.78514
-1.3063,0.42645
-0.35025,0.69215
-1.7041,0.13286
-0.32648,0.57275
-1.6786,0.99485
-1.5634,0.2764
0.0078402,0.60367
-1.3886,0.12596
-1.6135,0.085435
-1.0061,0.37154
-0.1208,0.82986
-1.4353,0.37506
0.15892,0.31987
-0.47805,0.86655
-0.010322,0.34834
0.34914,0.057301
0.16091,0.05381
-1.2054,0.34026
0.5339,0.2294
0.04014,0.50404
-1.053,0.63813
-0.83268,0.52454
-1.8005,0.29436
-0.88114,0.58138
-1.1045,0.77821
0.092543,-0.10341
-1.2085,1.1115
-1.4125,0.7233
-1.2188,0.70784
-0.034474,0.76655
0.20073,-0.41933
-1.385,0.36527
-1.3273,0.64438
-0.36719,0.56145
-0.57431,0.81258
-1.3469,0.40934
-1.7605,0.60053
0.021579,0.31987
-1.4542,0.41485
-1.1137,0.78101
0.32161,0.28019
-1.525,0.42533
0.10794,0.4858
0.4299,0.091101
-0.0037673,0.04712
-1.1081,0.74042
0.39151,0.11699
-1.5779,0.10882
-0.67494,1.0887
0.32134,0.44065
-0.38243,0.77422
0.34512,-0.07237
-1.412,0.27574
-1.7054,0.14354
0.44614,-0.32748
-1.4535,0.68051
-0.20751,0.86749
-0.0074138,0.69103
-1.205,0.91124
0.16153,0.093561
-1.0486,0.77333
-1.8592,-0.24408
-0.011297,0.88188
0.11869,0.21256
0.22837,0.094311
0.25044,0.63357
-1.7633,0.56138
-0.81986,0.71925
-0.65138,0.74747
-0.85395,0.79908
0.06884,0.5764
-1.4587,0.27612
-0.20871,0.90023
-1.4247,-0.31528
0.45487,0.048627
-0.37183,0.73953
0.3764,0.091533
-1.0425,0.58395
0.26637,0.57921
-1.425,0.27724
0.2564,-0.0082234
-2.0105,0.076793
-0.61899,0.71875
-1.4521,0.73358
-0.37154,0.70462
-1.779,0.13082
-0.21801,0.46494
0.047317,-0.030759
-1.2733,1.0042
-0.77501,0.61035
-0.80466,0.91837
-0.08906,0.15717
-1.8927,0.36999
-0.34463,0.14409
-0.83321,0.86882
-2.075,-0.2179
0.37739,0.32047
-1.2745,0.76558
-0.062184,0.76908
-0.32476,0.77298
-1.3836,0.5928
-0.33256,0.74371
-1.0997,0.80463
-1.2648,0.77823
-1.7434,-0.46158
-1.2347,0.8943
-1.8134,0.37305
-1.7748,0.277
0.4929,0.15553
0.11803,0.71341
-0.34113,0.62436
-0.23257,0.5067
-1.0838,0.79327
-1.2339,0.072326
0.39022,-0.16622
-0.60386,0.8141
0.29211,0.16777
-1.7808,0.10526
-1.1754,0.74333
0.45504,-0.012727
-0.2628,0.72804
0.20778,0.39424
-0.83773,0.82572
-0.70616,0.96852
-1.536,0.49321
-1.7176,0.10062
-0.87182,0.97939
-1.6777,-0.11362
-1.3871,0.10646
-1.178,0.37245
-1.6948,0.23229
0.14493,0.40646
-1.7056,0.068395
-0.2819,0.86539
-1.6089,0.62358
0.14005,0.36083
-1.5142,0.44138
-0.3888,0.66726
-1.108,0.92521
-1.4889,-0.42673
-1.8548,0.34041
-1.2094,0.66632
-0.90388,0.5168
0.13364,0.16109
-1.7421,0.633
-1.713,0.083389
-1.2759,0.64462
-1.3596,0.48877
-1.3093,0.80199
-2.4325,-0.24752
-1.6671,0.48765
-1.0043,0.88787
-0.78897,0.74614
-1.358,0.45956
-1.6202,-0.1437
0.3523,0.13054
0.37025,0.057846
0.65825,0.036753
-1.0554,0.695
0.20132,0.7226
0.20645,0.79738
-2.3246,0.092993
-1.2082,0.69407
-0.89795,1.0522
-0.015088,0.7801
-0.048878,0.87963
-1.5053,0.13147
-0.94836,0.71102
0.33894,0.072081
-0.31689,0.88981
0.33346,-0.03011
-1.4166,0.53392
-0.25165,0.14171
0.45924,0.32863
-0.6619,0.76511
-1.5744,-0.035324
-1.5302,0.6525
-0.94755,1.0882
-0.85108,0.90362
0.14275,0.54461
-0.4392,0.9123
0.077241,0.43772
0.35553,-0.096366
0.37218,-0.077206
-0.38712,0.99164
-0.16081,0.72868
-0.40255,0.52825
-0.17929,0.97915
-1.7697,-0.080075
-1.4049,0.19046
-1.5307,0.49278
-1.1662,0.46957
-1.4522,0.46553
-1.5547,-0.012169
0.072654,-0.0072433
-0.86735,0.5517
-1.0608,0.58933
-0.97799,1.0257
-0.71571,0.59808
-0.57201,1.0012
0.48727,0.15397
-1.6188,0.51775
-0.49191,0.87712
-0.63711,1.0161
-1.4569,0.45504
-1.1876,0.37348
-1.5765,-0.24825
0.50149,0.17179
-0.23448,0.89287
0.66306,0.0012944
-0.75762,0.37058
-0.80818,1.125
-1.6843,0.54787
-1.6446,-0.066667
-2.0695,0.31142
-0.90542,1.0002
-0.27928,0.79975
-1.2749,0.5118
0.16058,0.02105
-1.2405,0.34504
-0.56454,0.84751
-0.64685,0.5419
-1.4261,0.32354
-1.0399,0.53854
0.1874,0.057883
0.14487,0.45333
-1.0038,0.88203
-1.4598,0.17371
-1.1732,0.84738
0.032607,-0.073581
-0.88513,0.81283
0.30551,0.095711
-0.10248,0.67695
-1.6961,0.074185
-1.4586,0.72148
-1.4723,0.36962
-2.5679,0.46714
-1.4067,0.24936
0.16772,0.62533
0.045354,-0.23907
0.11042,0.1684
-1.3499,0.36299
0.52918,0.39931
-1.4557,0.12663
-1.2163,0.43504
-0.15593,0.58295
-0.31786,0.84462
-0.82697,0.8552
0.064205,0.51195
-0.36416,0.52955
-1.7643,0.17058
0.29773,0.023261
-1.2145,0.76657
0.034375,0.51288
0.32027,0.15166
-1.3047,0.34714
-0.078682,0.75551
-0.46077,1.0239
0.065492,0.13468
0.18642,0.5391
-0.71383,0.83565
0.25144,0.52192
-0.56516,0.86504
0.10619,-0.14997
-1.409,0.61276
-0.66568,1.0781
0.28642,-0.23118
-1.0995,0.36828
-0.19068,0.50851
-0.88709,0.78054
-0.36694,1.0651
-1.6415,0.36878
-0.97493,0.86468
0.24722,0.014367
-1.4081,0.0019534
-0.19915,0.97738
-0.57386,0.68132
-1.0115,0.97154
0.10399,0.49365
0.33236,0.12397
-1.0324,0.66539
-1.633,-0.3037
-1.1501,0.61473
-1.9828,0.078484
0.19035,0.26134
0.46945,0.34024
0.12106,0.30808
-0.48581,0.67076
0.29243,0.06671
-0.7461,1.0253
-0.20389,0.75198
-0.49889,0.68122
-1.502,-0.09007
0.29232,0.59582
-1.4084,0.91115
-0.30643,0.69335
-1.8996,0.43372
-0.16921,-0.16843
-0.68893,0.74748
-1.6637,-0.064755
-1.6567,0.16737
-0.33297,0.83986
-1.6008,0.09336
-1.8328,-0.24742
-0.24203,0.86097
0.31241,0.37481
-0.84825,0.95553
-1.3302,0.67899
-0.34275,0.81237
-1.7243,0.050879
0.27677,0.24873
-1.251,0.86356
0.14184,0.3055
-1.5582,0.22144
0.38774,-0.013102
-1.5054,0.16709
-0.19493,0.67632
-1.5269,0.38566
-0.10661,0.59917
-0.46456,1.1581
0.28363,0.58233
-1.8042,0.4351
-1.0686,0.62202
-0.94961,1.0154
-0.3785,0.8079
-0.053019,0.34923
-1.2529,0.64231
-0.02654,0.47568
0.059268,-0.4588
0.1595,0.3725
0.44042,0.099635
-1.2516,0.63869
-0.34523,0.79038
-1.0235,0.85062
-1.8503,0.049697
-1.2909,0.87302
-1.2128,0.73335
0.29265,0.036523
-0.17664,0.54283
-0.8796,1.0314
0.06136,0.1169
0.025272,0.92425
-0.98193,0.51572
0.27577,0.2883
-1.0824,0.69445
-0.90857,0.74162
-0.98886,0.7811
-0.64765,0.99352
-0.054221,0.8324
-0.78946,1.0847
-0.56264,0.8877
-0.58986,0.80885
-0.71342,0.57975
0.069012,0.052976
-1.0447,0.80655
-0.10979,0.49488
-0.87735,0.89296
-0.58651,0.60935
0.2886,0.014961
-1.6803,0.19047
0.18232,0.20167
-0.27579,0.71764
0.078978,0.27557
-1.0201,0.89799
-1.6577,-0.23104
-1.5992,-0.35611
-1.3805,0.37586
0.58197,-0.1187
0.48137,0.0079301
-1.7983,0.13929
-0.31065,0.88085
-0.59974,1.0634
-1.3435,0.77754
-1.4994,0.23461
-0.5347,0.77751
-1.723,0.31171
0.05265,0.058539
0.19508,0.67732
-1.6711,-0.65652
-0.26324,0.56175
0.18067,0.64571
-1.0508,0.76912
-0.43838,0.83891
-1.6646,0.2561
-0.88219,0.85536
-1.6143,-0.31614
-1.2125,0.69826
0.5354,-0.38777
-1.4963,0.35885
-0.75789,0.82505
0.098791,0.50209
-1.7343,-0.011147
0.2359,0.64289
0.14682,0.60088
-1.8027,-0.058809
-1.6092,0.69335
-1.6651,0.42942
0.21771,0.51139
-0.98228,0.91001
-1.5683,0.28067
0.096053,0.12202
-0.12128,0.64856
-0.18134,0.52591
-1.1067,0.48294
0.029861,0.10902
-1.3787,0.36688
-1.4843,0.35165
-1.6554,-0.43398
0.40864,-0.032963
-1.3799,0.82035
-1.3225,0.80828
0.56032,0.091158
-1.582,-0.15659
0.46687,-0.20049
-0.43125,0.8908
-0.95349,0.71727
-0.12234,0.68381
0.10542,0.37833
-0.11814,1.0345
-1.2209,0.71543
0.12493,0.18014
-1.0609,0.74444
-0.069589,0.6703
0.21247,0.028298
0.18397,0.32696
-1.2089,0.36377
0.17411,0.27116
-1.9107,0.14748
-1.075,1.0116
0.29266,0.64548
0.20912,0.40524
-0.86637,1.0462
-1.2626,0.51131
-1.2606,0.42818
0.37389,0.13997
-1.2798,0.71801
-1.0979,0.92755
-1.537,0.49091
-0.40502,0.62675
-1.717,0.39553
-1.1136,0.41219
-0.12064,0.75695
-1.7354,-0.28332
-1.0129,0.58094
-1.3287,0.70066
-1.2686,0.28823
-0.57417,0.73139
-1.1143,0.16134
-0.74972,0.23951
-0.51838,0.67496
-1.614,0.80127
-1.3445,0.64933
0.24195,0.3253
-1.1261,0.69791
-1.0417,0.31448
0.25083,0.52193
-0.69385,0.80948
-1.3855,0.044316
-1.0231,0.82114
-1.0802,0.52653
-0.95291,0.5909
-0.15579,0.97321
-1.7746,-0.19624
-1.4893,0.76627
-0.070736,0.61252
-1.6699,0.24684
-0.82199,0.73659
0.45387,-0.14157
-1.145,0.85523
0.25477,0.27903
-1.4114,0.50615
-1.4372,0.50044
-0.27678,0.9284
-0.85003,0.94701
-1.3904,0.53794
-1.7481,0.37395
-1.6305,0.26948
-0.096579,0.17759
0.44058,0.35407
-1.0748,0.74477
-1.6767,0.96962
-1.0649,0.23122
-0.65278,0.98096
-0.39238,0.1398
0.34526,0.22009
0.27015,0.044114
0.1023,0.62818
-1.5916,0.19398
-0.41131,0.9117
-0.78648,0.88794
-1.3519,0.52946
0.015742,0.084152
0.33685,0.063194
0.0092431,0.59107
0.28965,0.23118
-0.52503,0.30665
0.35679,0.73348
0.21575,0.25669
-0.87269,0.63438
-1.5299,0.65056
0.06868,0.85734
-1.639,0.65764
-0.17479,0.99308
-0.0068511,0.26221
-1.1479,0.46733
0.46439,0.065164
-1.744,-0.14982
-0.32368,0.78605
-1.5242,0.53312
-0.88791,0.80697
0.14211,0.76342
-1.5949,-0.015471
-1.0574,0.55223
-1.0172,0.84536
-1.4354,0.41252
-1.6917,-0.0024515
-1.4364,0.48394
-1.4191,0.40171
-1.1296,0.88919
-1.4055,0.52924
-1.5691,0.11531
-1.6048,0.13136
-0.552,0.73379
-0.54167,1.0312
0.30696,0.14962
-0.22171,0.67848
-1.8299,-0.092937
0.56615,-0.18978
-0.36502,0.78271
-1.4787,0.50955
0.41345,-0.18332
-1.3048,0.29538
0.22911,0.35495
-1.1723,0.62257
-1.3232,0.96766
-1.3279,0.18647
-0.53303,0.73875
-0.3379,0.4433
-1.6746,0.10373
-0.6744,0.79437
-1.4924,0.079818
-1.1848,0.79139
-1.1753,0.75542
-1.5256,0.16625
0.030043,0.42633
0.24334,0.3211
-0.41433,0.60109
0.0095643,0.83062
-0.64973,0.69945
0.0060278,0.94627
-0.57673,0.54281
-1.2163,0.84823
-0.26776,0.71731
-1.6184,0.724
-1.1922,0.98371
0.20099,0.56766
0.60419,-0.079605
-1.7122,0.22186
-1.2062,0.79933
0.087868,0.38664
0.41626,-0.023967
-0.60691,0.84109
-1.5246,0.64276
0.34517,0.43926
-0.85857,0.96111
-1.7374,0.28747
-1.6981,0.21523
0.23244,0.074472
-1.1043,0.72233
-0.39381,0.99492
-1.579,0.64818
-0.4798,0.7648
-0.14097,0.26197
0.43556,-0.071099
-1.4884,0.2221
0.20989,0.25122
-0.67058,0.75276
-0.40626,0.86654
-0.46504,0.59203
-0.15689,0.33406
-0.15081,0.82084
-1.2395,0.77882
-0.42702,0.61011
-2.3252,-0.25885
-0.39093,0.58145
-1.1827,0.45011
0.30208,0.089031
-1.734,0.68721
-1.6063,0.30785
-1.6553,0.6123
-1.4627,0.34812
-1.6895,0.35187
-1.0775,0.64579
-0.77791,0.83724
-1.7542,0.49493
-0.78271,0.76613
-0.90678,0.62167
-1.3816,0.4345
0.022798,0.2494
0.30769,0.50902
-0.24844,0.34393
-1.354,-0.16033
-0.88453,0.74465
-1.2135,0.49243
-0.68872,0.050548
-1.7623,0.13724
-0.039233,0.66584
-0.014757,0.7736
0.29977,0.16401
-1.6824,0.68584
-1.0216,0.37989
-1.4036,0.092311
-1.4275,0.54575
-1.3095,0.81506
-0.40858,0.349
0.28349,0.10974
-0.96553,0.82747
0.17272,0.2558
-0.66938,0.74477
0.4307,-0.065289
-0.51835,0.95512
-0.34154,0.77772
-1.0168,0.84713
0.41965,-0.3444
-0.53872,0.58766
-0.58314,0.78806
0.28621,0.056846
-1.2944,0.76304
0.37596,0.16018
-0.085395,0.38634
-1.2178,0.47346
-1.1184,0.56078
0.26061,0.052704
-0.0069181,0.29592
-1.2715,0.85348
-0.36182,0.40405
0.15785,0.56797
-1.23,0.60465
-0.81643,0.91448
0.11425,0.53855
0.40069,-0.20836
-1.5407,0.49182
-1.6569,0.238
0.19414,0.011579
0.32616,0.25984
-1.7196,0.46217
-0.26271,0.83476
-0.69561,0.74253
-0.90146,0.77417
-1.7743,0.32943
-0.019878,0.55672
0.10145,0.55428
-1.1057,0.58945
-0.18694,0.72702
-1.5264,0.23113
0.50294,0.51827
0.46063,0.033373
0.21941,-0.044395
-1.3719,0.38523
0.35411,-0.013852
-0.20538,0.60709
-0.66286,0.84051
-1.0967,0.81801
-1.3214,0.66648
0.13767,0.67741
-0.19111,0.77343
-0.81519,0.90699
-0.12327,0.63935
-1.3103,0.5794
-1.0717,0.75471
0.24564,0.63819
-1.4071,0.45405
-1.6481,0.153
-0.20516,0.64154
-0.024922,0.94137
0.47318,0.27258
-1.3687,0.16748
0.21707,0.15195
-1.5972,0.39127
0.20612,0.56203
-0.53526,0.29166
-1.5952,0.80165
-0.32814,0.75765
0.56475,-0.074919
-1.7299,0.715
-1.5182,0.3081
-0.61795,0.76826
-1.2361,0.76162
-1.2195,0.24586
-0.26808,-0.12187
0.35849,-0.16715
-1.1551,0.51679
-0.77927,0.98935
-1.478,0.55734
-1.459,0.33089
-1.7628,0.102
-1.5377,-0.0084967
-0.70858,0.99279
-0.081576,0.39516
-0.44261,0.87772
-0.98039,0.56774
-0.065066,0.48507
-0.78739,0.44316
-0.67237,1.0348
-1.5401,-0.33772
0.081794,0.53221
-1.5306,0.49754
-0.88596,0.65143
-1.0983,0.82493
-1.4429,0.018506
-0.28248,0.72683
-0.99839,0.45945
-1.2835,0.44559
-1.3064,0.75034
-0.70566,0.59549
-0.36663,0.98492
-1.0836,0.63494
-0.53364,0.19083
-0.059102,0.84691
0.21564,0.47709
-0.4067,0.64031
-0.030804,0.67613
-1.7227,0.66362
-0.28375,0.75689
-1.0449,0.61935
-1.768,0.37249
-1.3132,0.54594
-0.017366,-0.19896
-1.2633,0.53361
-0.84811,0.70874
0.25474,0.51598
0.24733,0.76824
-1.4167,0.73038
0.38242,-0.30755
-0.28745,0.62723
-1.6756,0.48865
-1.6046,-0.45007
-0.41929,0.69877
-1.3469,0.25581
-1.0154,0.30089
-1.3504,0.43066
-1.206,0.65982
-0.44819,0.74948
-1.2297,0.82779
0.39111,-0.030652
0.33968,0.23281
-1.0836,0.70428
0.020483,0.56171
-0.50207,0.70148
-1.6828,-0.14095
0.19445,-0.43491
-0.98435,0.53723
-1.8361,0.10602
-1.1835,0.97595
-0.82514,0.76643
0.30055,-0.055287
-0.86732,1.1181
-0.6901,0.99177
0.3767,0.36811
0.10829,0.70806
-0.63746,1.0245
0.2759,0.14831
-0.76478,0.87196
-1.6207,0.32916
-0.94884,0.8874
0.32252,0.006168
-0.1175,0.61731
-1.5126,0.2082
-1.5574,0.035138
-1.7933,-0.045081
-0.13941,0.40537
-0.63469,0.86943
-0.32557,0.8836
-1.6728,0.09203
-1.2198,0.71865
-1.0831,0.89626
0.42413,0.74981
0.24771,-0.28052
-0.37977,0.90842
-1.4137,0.80662
0.15285,0.56976
-0.85385,0.96675
-1.9295,0.11254
-0.32216,0.93505
-1.0626,0.69381
-1.6262,0.62623
0.21906,0.56552
-0.75627,0.73897
-1.6124,0.062425
-1.3062,0.57353
-1.0181,0.62006
-1.6381,0.17728
-1.6049,-0.01437
-1.1279,0.73403
-0.49397,1.0387
-0.89592,0.68046
-0.63262,0.88704
0.39271,0.16184
-0.27955,0.167
-0.19647,0.5556
-0.83326,0.83912
0.38014,0.4545
-1.4195,0.88995
-0.010949,-0.20343
-1.4661,0.61789
0.16152,0.43151
-1.7291,0.21985
0.40659,-0.53488
0.043305,0.20142
-1.7297,0.24891
0.42684,0.4368
-1.4546,0.56822
-1.5265,0.43726
-0.55926,0.6286
-0.080627,0.83731
-1.3204,0.99098
0.50821,0.10502
-0.22665,1.0295
-0.43666,0.77733
-0.18391,0.87182
-1.5135,-0.011692
-0.67541,0.77253
-0.98148,0.69768
-1.5714,0.36808
-0.016481,0.56186
-1.2167,0.64297
0.27325,0.32016
-0.57873,0.70213
-0.078302,0.83402
-1.1219,0.66008
-0.27374,0.81318
-0.14346,0.4821
-0.32353,0.67304
-0.32026,0.86815
0.58927,0.050144
-1.4033,0.13984
0.095131,0.76306
-0.16386,0.80634
-1.1521,0.98019
0.057053,-0.61018
-0.98774,0.8477
-0.50768,0.81762
-0.82827,0.83785
-1.6144,0.43737
-0.26692,0.76884
-0.27462,0.82559
-0.92335,0.57491
-0.8746,0.60397
-1.5121,0.14586
-2.1719,-0.14985
-1.5861,-0.13591
-1.4095,0.36224
0.31138,0.20537
-1.7444,-0.24631
0.26261,0.51716
-1.159,0.20346
-1.0665,0.85545
-0.31069,0.90138
-1.2644,0.60835
-1.2566,-0.25581
-0.46555,0.31664
0.17777,0.77798
-1.4731,-0.062823
-1.5002,-0.080195
0.23834,0.48506
-1.2962,0.86144
-1.2975,0.75468
0.226,0.12172
0.32244,0.21349
-0.97099,0.77085
-1.5758,0.16923
0.2296,0.51983
-0.44261,0.32114
-0.24692,0.67402
-0.35434,0.75027
0.38142,0.071914
0.34602,0.28819
-0.058188,0.66141
0.020014,0.99823
0.54038,0.16806
-1.5007,0.22693
-0.069073,0.73315
-0.73529,0.80444
-1.1249,0.34224
0.38412,0.13839
-1.6502,0.22411
-1.0356,0.51562
-0.24373,0.62142
-2.1984,-0.38154
-0.79434,0.96426
-1.6686,0.41164
0.45712,0.46913
-0.16636,0.9404
-1.1612,1.0549
-1.6205,0.42597
-0.20232,0.82007
-1.5502,0.80034
-0.60515,0.81328
-0.55756,0.47147
-1.7162,0.47425
-0.91656,0.79966
-0.77581,0.84181
0.3515,-0.0021902
-1.4816,0.12976
-0.61281,0.8589
0.2165,0.48972
-0.32262,0.50607
-1.143,0.52611
-1.6928,-0.12857
0.02066,0.16481
-0.42641,0.9855
0.24433,0.12839
-1.8767,0.49516
-1.6391,0.017968
-1.749,-0.34007
-1.2889,0.45015
-0.9576,0.71461
-1.5126,0.54584
-0.64712,0.66457
0.30425,0.68577
-2.1368,0.60025
-1.0886,0.31527
-1.2174,0.44879
-0.052526,1.0343
0.61465,-0.034268
-1.3742,0.49868
0.14656,-0.0011228
0.31779,-0.61712
0.10544,0.71978
-1.156,0.44267
0.074724,0.12088
-0.00037203,0.96209
-0.79151,0.98392
-1.0921,0.42738
-0.9517,1.0354
-0.41843,0.73494
-0.2203,0.84529
-1.7732,0.26075
0.24697,-0.11262
0.56431,0.33332
-0.17569,0.71703
-1.3551,0.3023
-0.6392,0.15629
0.065846,0.4236
-1.4404,0.23856
-1.3232,0.75096
-0.0047366,-0.095466
-1.2702,0.74737
-1.7718,-0.16789
-1.9088,0.07186
-0.62218,0.81413
-1.0763,0.62761
-1.9685,0.40893
0.26207,0.60614
-1.1871,0.49285
0.171,0.45537
-0.86806,0.80535
-1.4886,0.16569
0.22244,0.0092518
-0.62471,0.7568
-0.21409,0.64855
-1.2527,0.52756
-0.41631,0.88465
0.37619,0.029914
0.18613,-0.10374
-1.4294,0.13567
-1.2758,0.90705
-1.5187,0.34227
0.26397,0.20138
-1.6627,-0.021125
0.29831,0.33232
-0.40538,0.51719
-0.5949,0.11662
-1.4845,-0.019824
-0.76185,1.0657
-1.6574,0.2617
-1.4017,0.29707
-1.273,0.6717
-1.166,0.62845
-0.56239,0.90914
0.092347,0.69821
-1.0007,0.46923
-1.6432,0.12906
-1.0442,0.69712
-1.4722,-0.11445
0.25335,0.43273
-0.20752,0.92625
-0.45926,0.87187
0.24949,-0.04748
-1.1074,0.89085
0.2803,0.23528
-1.5274,0.38993
-1.3582,0.63425
-1.2524,0.6771
-0.62014,0.63053
-1.6673,0.099171
-1.1934,0.64365
-0.72397,1.0909
-0.048515,0.62766
0.27265,0.12723
0.1705,0.68332
0.28911,0.34312
-1.6026,-0.085486
-1.125,0.79023
-0.63449,0.20605
-0.34877,0.81134
-1.0786,0.71122
-0.26808,0.57416
-0.98833,1.115
-0.13782,0.54827
-1.7959,0.68086
0.14935,0.76473
-1.0164,0.90683
-0.29198,0.75559
-0.54477,0.79567
-2.0092,0.12281
-1.2007,0.48415
-1.7469,0.13955
-0.20119,0.92303
-0.12715,0.39606
-1.5225,0.67999
0.14886,0.062781
-2.0113,0.454
-0.62715,0.76966
0.39721,0.2701
-1.4284,0.40985
-1.3107,0.74582
-0.24511,0.86893
-1.7838,-0.015955
-1.0954,0.70564
-1.239,0.63184
0.54797,0.14479
0.46277,0.23165
-0.46812,0.83663
-0.26586,0.68944
-1.2754,0.76075
-0.9623,0.93305
-0.84619,0.73283
-0.1093,0.76059
0.06184,0.43038
-1.1221,0.36741
-0.03341,0.71276
-1.4226,0.26112
-0.72956,0.99805
-1.5764,0.27979
0.50573,0.1311
0.20203,-0.065528
-0.95067,1.1164
-1.6506,0.21108
-1.8255,0.027757
-0.21752,0.32322
-0.58045,0.74359
-1.5993,0.71526
-1.612,-0.31897
-0.98878,0.90072
0.070991,0.70356
-1.5316,0.38266
-1.4374,0.71537
-0.61257,0.67131
-0.18565,0.46253
-0.89356,0.80035
-1.7941,0.83232
-0.73275,0.47556
-1.4993,-0.040364
-1.4409,0.34093
-0.41342,0.49334
-0.13922,0.80424
-1.1541,0.86011
-1.2892,0.66118
0.33234,0.49897
-0.34774,0.74559
-1.6537,0.042493
-0.29144,0.62217
-1.1281,0.92876
0.4365,0.45404
-1.241,0.62695
-0.49243,0.87389
-0.97933,0.78943
-1.5071,0.50113
0.19638,0.63836
-0.92149,0.95351
-1.6272,0.17219
0.081732,0.33616
-0.32758,0.65618
-1.3165,0.67638
-0.28254,0.7783
-1.0662,0.64912
-1.0441,0.96567
-1.576,0.054995
-0.48697,0.62225
-1.4251,0.54746
0.27221,0.75998
-0.70792,0.18699
-0.6727,0.99752
-1.5466,0.7816
-1.4519,0.68401
-1.3434,-0.038269
-1.6003,-0.052757
-1.3472,0.7301
-1.6579,0.5688
-1.2758,0.50247
-1.6571,0.7104
0.4178,-0.060751
-1.3457,0.22891
-0.61622,0.99104
-1.5232,0.49343
-1.7027,0.19119
0.38227,0.14085
-0.05874,0.41025
0.061049,0.35149
0.38342,0.10999
0.43405,0.2832
-0.17403,0.947
-0.42134,0.2017
-1.292,0.79963
-1.4938,0.31204
-0.65308,1.024
-0.67768,0.94353
-0.42348,0.78094
-0.037826,0.84359
-1.5378,0.40933
0.078766,0.5428
-0.54328,0.97322
-1.0306,1.159
-1.1719,0.90262
-1.6728,-0.030345
-0.10918,0.14709
-1.2957,0.32296
0.48075,0.19325
-0.57444,0.44579
0.087705,0.6167
-1.197,0.78455
-1.0851,0.6551
-0.90796,0.86668
-1.0139,0.80028
-0.40576,0.83812
-0.07735,0.93378
-1.5707,-0.057205
0.35605,0.43849
0.31144,-0.059217
-1.3262,0.6452
-0.40349,0.90932
-1.3693,0.58099
-1.4935,0.3136
-0.36546,0.4994
-1.4977,-0.010547
-1.3316,0.76418
-1.6866,0.60869
-0.75904,0.8336
-1.458,0.32167
-1.0943,0.45867
-0.13346,0.37449
-1.1733,0.73169
-1.4336,0.69438
-1.0762,0.75709
-1.3438,0.59028
-1.7434,0.11138
-0.91111,0.81292
-0.22477,0.24362
0.47257,0.18973
0.34325,-0.71288
-0.5596,0.92003
-0.86735,0.85494
-1.1832,0.69069
-1.303,0.079375
-1.5587,-0.78269
-1.753,0.048808
-0.24187,1.0348
-0.99127,0.62244
-0.95178,0.72714
0.37824,0.18186
-1.5385,0.47025
-1.621,0.44951
-1.7917,-0.4494
-0.24091,0.6744
-1.2685,0.40969
-1.5488,-0.45963
-0.16853,0.87625
-0.78691,0.37074
0.39,0.16444
-1.4534,0.20539
-0.36667,1.0129
0.01145,0.75107
-0.7275,0.82431
-0.79978,0.78933
0.40683,0.31641
-0.98026,0.28513
-1.6336,0.12708
-2.0409,0.14922
-0.39572,0.92876
-0.97199,0.5809
0.051967,0.56192
-0.78027,0.64115
-0.74275,0.72747
-1.2388,0.42103
-1.3862,0.65978
0.24281,0.097239
-1.5444,0.18178
0.4536,0.41218
-0.92406,0.90512
-1.1584,0.76454
-0.63549,0.97499
-1.5656,0.21376
-1.2798,0.85
-0.85184,0.18616
-0.88212,0.84523
-0.011746,0.31955
-0.80796,1.054
-0.25907,0.96763
-1.2893,0.31847
-1.3978,0.35389
-1.2887,0.78535
0.35422,-0.35611
-0.075542,0.75318
-2.8511,-0.38583
-1.3187,0.26173
-1.3648,0.40616
-0.96617,0.54441
-1.4134,0.75331
-1.4343,0.4468
-1.0374,0.59071
-0.18548,0.16919
-0.20217,0.16979
-0.64085,0.37916
-0.41048,0.76123
-0.42308,0.75201
-1.4212,0.21564
-1.5465,0.15058
-0.074046,0.24753
-0.88055,1.0361
-1.7328,0.19582
-0.50618,1.0363
-1.322,0.39179
0.28355,0.055632
0.21428,0.59998
-1.315,0.56661
-1.5407,0.65947
-0.49607,0.81003
0.24928,0.15099
0.36371,-0.1228
0.40887,0.20543
-1.9722,-0.44573
0.43689,-0.24509
-1.2346,0.63849
-1.8163,0.43995
0.19322,0.35139
-0.92096,0.94099
-1.6019,-0.30351
0.16039,0.49766
-1.5292,0.17299
0.013175,0.4634
-0.50755,0.75474
-1.1508,0.99006
-0.7701,1.0163
-1.6587,0.20984
-0.18624,0.025906
-0.085381,0.47511
-1.3994,0.44897
0.36338,0.061379
-0.087306,0.13471
-0.11325,0.36478
-0.37944,0.53476
-1.5386,0.1145
-0.90756,0.76542
-1.239,0.67505
-1.3821,0.62527
-0.36608,0.87161
-1.4539,0.30699
-0.97229,0.79778
-0.47993,0.86889
-1.2407,0.7547
-0.22054,0.62873
0.51522,-0.019824
-0.55799,1.0536
0.27918,0.013388
-2.1303,0.13655
-1.4253,0.20211
0.38471,0.23811
-0.2296,0.26929
-1.1791,0.87152
-1.2769,0.74025
0.055846,0.43523
-1.1936,0.74313
-0.088348,0.73149
0.028691,-0.0467
-1.3962,0.7895
0.47033,0.53357
-0.70854,0.89546
-1.423,0.66425
-1.3411,0.36661
-0.93805,0.75252
-0.54572,0.84672
0.4587,0.24141
-1.1976,0.55406
-1.3239,0.26183
-1.2091,0.52875
-0.014859,0.40349
-1.2701,0.42835
-1.12,0.58795
-0.51895,0.73057
-1.9231,-0.15959
0.35824,0.28921
-1.4173,0.6297
-1.5037,0.072933
0.34579,-0.1571
-1.2145,0.59582
-1.4198,0.49371
-0.21159,0.22866
0.026844,0.57989
0.4076,-0.18962
-0.43837,0.92672
-1.0257,0.44999
-0.76353,0.70937
-1.4748,0.60137
-0.70286,0.87258
-1.3901,-0.12079
-1.5734,-0.56867
-1.3992,0.9403
-1.6001,0.027135
0.49034,-0.07462
-0.77045,0.97
-1.5413,0.19634
-1.4381,0.30363
-1.7475,-0.17429
-1.4555,0.47578
-1.4051,0.62142
-1.3478,-0.47864
-0.80445,0.34855
0.59042,0.10044
-0.91658,0.65475
0.18775,0.14515
0.13629,0.58713
-1.1256,0.3198
-1.4092,0.14058
-1.311,0.78806
0.30474,0.42785
-0.25493,0.69367
-0.71526,0.91879
-1.2406,0.17453
0.23311,-0.32763
0.0053688,0.78769
-1.0689,0.50906
-0.75386,1.0021
-1.5473,0.51743
0.2805,-0.19931
0.29977,0.071549
0.089661,0.82495
-1.0614,0.59546
0.0029533,0.53795
-0.26869,0.74762
-1.4825,0.53542
-1.5289,0.040591
0.27806,0.1579
-0.75968,0.76717
-1.0688,0.82843
-0.93098,0.64921
0.13358,0.56697
-0.015519,0.80362
-1.3074,0.72099
-0.54246,0.88884
-1.6283,-0.10625
-0.87514,0.96184
0.41204,-0.097755
-0.67618,0.62902
-0.72742,0.87859
0.45192,-0.12665
-0.91627,0.92247
-1.1379,0.73608
-0.09284,0.72498
0.23908,0.59548
-1.3254,0.73989
-0.55174,0.98868
-2.1553,0.3893
-0.20933,0.65181
-1.5675,0.54133
0.27691,0.16802
-0.5882,0.64079
-0.47519,0.4999
-0.22409,0.95846
-0.72247,1.0569
-0.78748,0.90357
-1.4363,0.55494
-0.0028367,0.4026
-1.3595,0.11256
-0.29066,0.94227
-0.40373,0.86154
-0.64576,0.44554
-1.191,0.48946
-1.5161,0.2341
-0.38064,0.6301
-0.57098,0.86795
0.10955,0.29784
-0.24544,0.60444
-1.5512,0.5002
-1.5995,-0.076775
-0.92085,0.72675
-0.62699,0.93003
0.066375,0.61881
-1.0844,0.82113
0.51247,0.064308
-1.5141,0.51018
0.12685,-0.12211
-1.4542,-0.38788
-1.2129,0.58724
-1.289,0.65968
-0.82966,0.82434
-1.597,0.27013
-1.4573,0.26466
-0.90899,0.77311
-0.36697,1.0359
-0.3252,0.67029
-0.40296,0.63279
-0.34646,0.65401
-1.1431,0.78102
-0.89372,1.1516
-0.30438,0.66081
-1.1042,0.83586
0.15407,0.70607
-0.83819,0.70302
-0.21451,0.57353
0.45472,0.31536
0.2925,0.085776
0.15874,0.59097
-0.027508,0.66305
-1.9611,-0.27809
-0.3081,0.638
0.12946,0.64491
-1.4678,0.25657
-0.49314,0.84475
0.28231,0.38069
-1.005,1.0585
-0.54692,0.64156
-0.46973,0.94068
-1.248,0.59206
-1.9085,0.53514
-0.26011,1.0237
-0.10563,0.77455
0.32828,0.31069
0.072665,0.051514
-0.234,0.83805
-1.1612,0.69641
0.4703,0.12224
-1.4433,0.0082091
-1.9408,-0.373
-0.85139,0.94275
-1.6908,0.53022
-0.16014,0.70259
-1.3611,0.27493
0.036971,0.5765
-0.20503,0.78555
0.26662,0.31584
-0.36167,0.94551
-1.5473,-0.048404
0.4831,-0.53061
-0.23038,0.34899
0.28232,0.52048
-0.61412,0.79378
-1.4359,0.55565
-1.4229,0.47328
-1.2887,0.71215
-0.82244,0.79146
-1.413,0.5071
-1.2795,0.37176
0.24236,0.33254
0.03404,0.52826
0.39029,0.3478
-0.57612,0.80322
-0.41569,0.66622
-1.9307,-0.65027
-1.1533,1.0405
-1.1947,0.76336
-1.4145,-0.10374
0.20019,0.43824
0.33222,0.22082
-0.74749,0.86896
-0.67428,1.0295
-0.54027,0.78705
-1.6978,0.40957
0.29972,0.47142
-0.95478,0.67664
-1.8097,-0.57423
-1.5858,0.066373
-0.033637,-0.23155
-0.50424,0.72255
-0.021751,-0.0056116
-1.6329,0.31293
0.28838,0.15409
-1.1757,0.93949
-0.91908,0.89243
-0.31987,0.58465
-1.0366,0.71021
-1.5105,0.42186
0.20886,0.65022
0.44608,0.43156
-1.2446,0.89615
0.0059164,0.34442
0.35368,0.34971
-1.262,0.82514
-1.5255,0.24139
-1.6297,0.2172
-0.31444,0.92728
-0.57356,0.89021
0.15343,0.61374
0.17183,0.47213
-0.59396,0.82295
-1.2809,0.32065
-1.175,0.56382
-0.87497,0.51632
0.066366,0.13447
-1.062,0.80148
0.27286,0.43178
0.26033,0.72785
-1.5062,0.15505
-1.8332,-0.7033
-1.2459,0.72937
-0.62731,1.0348
-1.0174,0.55445
0.17567,0.39158
-0.26454,0.73181
-1.6046,-0.28273
0.14355,0.48568
-0.034306,0.54011
-0.34806,0.64167
-0.22913,0.92493
-1.7418,0.52608
0.30675,0.32873
-1.5986,-0.018006
0.020902,-0.076375
-1.2928,0.46064
-0.44138,0.62948
-1.1394,0.84617
-0.029463,0.1686
-1.7754,0.3592
-1.0585,0.82248
0.17279,0.20545
-0.3179,0.50514
-0.056647,0.32911
0.087796,0.23764
0.17506,-0.039711
0.11001,-0.025213
-1.4264,0.49813
-2.0711,0.058898
-0.1468,0.55064
0.30943,0.24642
-1.8278,-0.31171
-1.032,0.8337
0.17162,0.70881
-1.2459,0.76969
-0.94443,0.36983
-1.652,0.085984
-1.6833,0.29463
-0.82612,0.97491
-0.72014,0.68935
-0.11219,0.73141
-0.71759,0.94023
-1.003,0.68413
-1.3336,0.65969
-1.4816,0.07829
-1.2445,0.53007
0.086851,0.61723
-1.342,0.8835
0.53857,0.056373
0.085485,-0.49182
-1.2485,0.56444
-0.35885,0.7757
-2.0751,-0.38792
-0.4039,0.59537
-0.81679,0.75686
-1.2101,0.1288
-0.47959,0.89184
-1.2542,0.83347
-0.16503,0.92538
-1.6174,0.08557
-1.4046,0.1846
-0.038914,0.75609
-1.8668,-0.14207
-1.591,-0.18395
-1.8544,0.32566
-1.8975,0.57122
-0.86572,1.0421
-0.6548,1.0292
-0.14661,0.84255
-0.55687,1.0116
-0.87292,0.73703
-0.78941,0.94611
0.12149,0.24751
0.064466,0.53107
-0.9164,0.37945
0.09659,0.52395
-0.79242,0.70471
-0.36205,0.85258
0.12767,0.43835
-1.4343,-0.0022112
-0.81377,0.8443
-1.5499,0.13569
0.36384,-0.45674
0.59681,-0.26783
-0.29018,0.79304
-0.83626,0.63044
-0.92179,0.45624
-0.7017,0.85527
0.1285,0.22139
-0.25218,0.36357
0.28786,0.17474
0.14621,0.28759
-0.73078,0.63523
-1.4635,0.77775
-1.4786,0.35514
-0.40637,0.79526
-1.8174,-0.029398
-1.0484,0.69254
-0.38699,0.73515
-1.2353,0.78704
0.5262,-0.11593
-1.4535,0.14047
-1.3945,0.63511
-1.4049,0.5421
-0.25374,0.5291
-1.5787,-0.041927
0.18157,0.61548
-1.5702,0.41213
-0.088491,0.37045
-1.1182,0.79418
-0.55025,0.11466
-1.5134,0.68469
0.068475,0.71588
-1.5166,0.5708
-2.2438,0.22054
-1.4603,-0.19893
-1.4838,0.71359
-1.3119,0.47078
-0.16008,0.81499
-0.47359,1.0143
-1.491,-0.18822
-1.443,0.62454
-0.3926,0.49312
-0.43461,0.83516
-1.4553,-0.015229
0.04916,0.25398
0.19332,0.37657
-1.1641,0.70983
-0.93139,0.8486
0.055306,0.58777
-0.52219,1.0334
-0.088573,0.71513
-0.072123,0.99381
0.33061,0.41813
-0.61419,0.99317
-0.14688,0.67804
-1.4682,0.43537
-1.2861,0.38282
-1.8566,0.070939
-1.7508,0.10601
-0.94413,1.1155
-1.8259,0.17685
0.042644,0.82193
-0.50721,0.9112
-0.97016,0.92138
-1.4786,-0.43423
0.23804,0.25741
-0.7997,0.65004
-1.0358,0.28595
0.020956,-0.21006
-0.77017,0.97976
-0.73544,0.92706
0.21706,0.6568
-0.71575,0.80549
0.60188,-0.25569
-1.3331,0.53149
-0.83593,0.96651
-0.65626,1.025
-0.041057,0.34404
-1.5118,0.78683
-1.5285,0.49651
0.14105,0.52229
-0.76261,0.37291
-0.67233,0.85561
0.26089,0.17679
-0.030156,0.36396
-0.069198,0.67509
-1.5317,0.65579
-1.7716,-0.032229
0.033147,0.72
-0.96714,0.84786
-1.2413,0.50297
0.41265,-0.12159
-1.0382,0.53207
-1.4323,0.44381
-0.42867,0.64892
-1.5768,0.45642
-0.27736,0.74151
-1.2226,0.73352
-1.9894,0.30396
-0.17739,0.91173
0.16956,0.57753
0.0015193,0.20233
0.4519,-0.037291
-0.62291,0.98091
-1.7134,0.81474
-0.83476,0.73286
0.19272,0.3202
-1.7001,0.15351
-1.3426,0.34857
-1.4271,-0.13713
0.46372,-0.23648
-1.6765,0.18892
-0.47473,0.33046
0.27407,0.7112
-0.021976,0.69774
-0.63287,1.0723
-0.15684,0.28987
-1.6724,0.26898
-0.42488,0.7511
-0.94545,0.86186
0.015073,0.40059
-1.2722,0.71493
-0.21034,0.7955
-1.7429,0.11619
-0.32883,0.5528
0.066307,0.83616
-1.2955,0.86224
0.44131,-0.14564
0.059112,0.45434
-1.7051,0.32555
-0.32332,0.80745
-0.92629,0.87873
0.29225,0.7376
-0.43802,0.75182
-0.43597,0.85186
-1.5362,0.21172
-0.79332,0.40337
-0.036676,0.49899
-1.4486,0.32993
-1.6867,0.14943
-0.71467,0.97044
-0.07294,0.52434
-1.5223,0.20076
-0.16298,0.039273
-1.6781,0.21837
-1.2295,0.56457
-0.03404,0.27146
-0.53506,0.99944
-1.0089,0.93562
-0.49687,0.80952
-1.1282,0.45104
0.085337,0.34102
-1.5181,0.37427
-1.2678,0.2226
-1.1016,0.78036
-0.51191,0.83256
-0.55186,0.78353
-1.5387,0.56926
-0.53772,0.97046
-0.55789,1.0784
-0.50412,0.6637
0.21098,0.15845
-0.1134,0.91239
-1.7007,0.041666
-0.31292,0.98579
-1.5326,-0.20656
-1.3801,0.50432
-1.0513,0.65395
-1.2093,0.26408
-1.5352,0.54353
-0.70247,1.048
-0.55444,0.81258
-1.4524,0.26306
-0.34592,0.75002
-0.065897,0.65436
0.40245,0.11247
-0.91873,0.82717
0.30992,-0.1889
-0.11203,0.57647
-0.3291,0.84859
-1.2376,0.64978
-1.6312,0.15818
-0.2411,0.75201
-0.38743,0.88511
-0.67475,0.74482
0.49275,0.096758
-1.9182,-0.023456
-0.21909,0.64119
0.38436,-0.019355
-1.0885,0.71032
0.060205,0.79204
-0.6803,0.75409
0.4374,-0.069032
-0.27344,0.86749
-1.7365,0.34901
-0.7423,0.61485
-0.70886,0.69955
-2.2457,-0.13789
0.089211,0.18678
-0.90642,0.72428
0.29353,0.19803
0.067749,0.48953
-0.72512,0.45045
-1.7726,0.49804
-0.5028,0.7656
-0.79322,0.8846
-0.40463,0.91267
0.13934,0.42943
-1.5536,-0.090038
-1.5054,0.44326
0.053321,0.54376
-1.5285,0.42439
-1.8106,-0.21149
-1.652,0.72038
-1.7571,0.33646
-0.40304,0.82874
0.076713,0.49008
0.36962,0.34693
-0.4594,0.75882
-1.5497,0.89147
-0.2352,0.692
-1.5572,0.15262
-1.7005,-0.1379
-1.031,0.98058
-0.46427,0.77366
-0.11586,0.56912
-1.4387,0.10457
-2.3771,0.12284
-0.81032,0.94317
0.32523,-0.036753
0.47848,-0.056882
-1.4657,0.26059
-0.020154,0.036442
-0.76162,0.86039
-0.32126,0.65941
0.51171,-0.48335
-0.16147,0.83153
-0.59209,0.8396
-0.13789,0.69823
0.32619,0.23769
-2.1861,0.36287
-0.59694,0.92664
-2.0809,0.41275
-1.1411,0.92193
-0.71064,0.76734
-0.65748,0.85154
0.056402,-0.064896
-1.4502,0.33196
-1.0228,0.88244
0.4148,0.51269
-1.7118,0.29836
0.4611,0.094438
-0.96625,0.6777
-0.66793,0.74516
-1.2479,0.60638
0.27197,0.15921
-1.694,0.018581
-0.46165,1.0635
-1.6093,0.70523
-2.0155,0.061655
-1.3409,0.16456
-0.69171,0.011214
0.39413,0.10101
0.23527,-0.23258
-1.142,0.83651
-1.4565,0.70916
-1.3996,0.61006
-1.038,0.75885
-0.886,1.0941
-0.97123,0.74981
-0.80882,0.35608
-1.6109,-0.5441
-0.19745,0.9043
-0.32193,0.57176
0.10197,0.27732
0.26086,0.47712
-1.5099,0.47449
-0.52431,0.73916
-1.371,0.74713
-0.27477,0.86576
-0.062427,0.7716
-0.95333,0.76497
-0.053019,0.59394
-1.6727,0.27476
0.10854,0.48498
-0.77055,0.85947
0.29765,0.43028
-1.3158,0.68921
0.26616,0.067227
-1.2799,0.44952
-0.59179,0.74942
-1.1294,0.82133
0.14478,0.32267
-0.79172,1.1524
0.24014,0.15966
0.34017,0.4312
-0.48409,0.81498
-0.56448,0.9656
-0.88461,0.67853
-1.334,0.39096
-1.8177,-0.079262
-0.023843,0.60124
-0.43923,0.67447
-1.7759,-0.047358
-0.056832,0.56032
-2.0514,0.42253
-1.4473,0.35619
-1.0834,0.69404
0.26982,0.42801
-1.0121,0.76816
-1.2796,0.71052
0.42423,-0.0025698
-0.021471,0.76583
0.046476,0.54216
-0.76846,0.77467
-0.61558,0.89918
0.0099093,0.80354
0.34112,0.020377
-1.4776,0.52788
-0.39448,0.93171
0.07314,0.77704
0.22738,0.53996
-1.291,0.53926
-1.5067,0.47271
-0.19224,0.56354
0.056456,0.50896
-1.5986,0.32297
-1.2417,0.44526
-1.2185,0.70904
-1.4176,0.58603
-1.1208,0.85251
-0.044872,0.16153
0.053008,0.059113
-1.2245,0.71292
-1.1138,0.39296
-0.33688,0.81552
0.15775,0.53842
-1.2837,0.25624
-0.38084,0.92555
-0.039095,0.70497
0.065469,0.68929
-0.27669,0.70554
-0.28212,0.75006
-1.5238,0.091067
-0.34973,0.50209
-1.6839,0.35154
0.059494,0.11159
0.33275,-0.042653
-0.15146,0.73011
-0.86026,0.54026
-1.0911,0.5975
-0.43667,0.75751
0.33044,0.53225
-1.7062,-0.55806
-0.073497,0.86573
-1.045,0.64773
-0.74368,0.74078
-1.7922,0.58467
-2.0672,-0.075497
-1.4554,0.35751
-1.5052,0.21791
-0.71623,0.81141
-0.22178,0.87733
0.24362,0.58555
-1.7022,0.23653
0.27099,0.12314
-1.5257,0.69152
0.5771,0.48212
0.48594,0.22583
0.23296,0.756
-0.99441,0.87585
-1.1766,0.51911
-1.9138,0.69198
0.15882,0.50871
-0.37494,0.85917
-1.7738,-0.055705
-1.0604,0.89805
0.15139,0.38967
-0.47954,0.44789
-1.5637,-0.08652
-0.63893,0.96434
-1.4027,0.098241
-0.04993,0.3896
-1.5676,-0.21739
-0.42638,1.0398
-0.50924,0.44286
-0.057113,0.12838
0.26647,0.1379
-1.5591,-0.22234
-1.6327,0.63881
-1.3215,0.37567
-1.0588,0.18543
-1.7942,0.36834
0.46886,0.3235
0.13511,0.50295
-1.0189,0.35694
-1.0589,0.95313
0.23548,-0.13911
-1.7252,0.81269
-0.052627,0.70725
-1.2162,0.61321
0.27998,0.47047
-0.78111,-0.91278
1.589,-0.40795
0.51379,-1.2278
1.407,-0.53144
1.5868,-0.19119
0.38514,-0.93233
-0.12163,-1.0338
0.34152,-1.3226
1.3265,-0.48813
0.35232,-0.99315
1.0757,-1.05
-0.38823,-1.1034
0.37174,-1.0881
0.4795,-0.79941
1.258,-1.0518
0.92914,-1.0275
1.2355,-0.79705
0.85776,-0.903
-0.42531,-0.31499
-0.14685,-0.9739
0.94611,-0.16264
-0.042622,-0.75457
-0.5193,-0.016562
1.0837,-0.80537
0.95849,-1.3176
1.1126,-0.74619
-0.47049,-0.78385
1.0665,-0.74909
-0.47472,-0.45712
-0.68104,-0.49055
1.5568,-0.69748
-0.24856,-1.2924
0.6827,-1.4763
-0.46175,-0.84513
-0.034114,-0.63819
0.79454,-0.70492
0.59369,-1.1662
0.75694,-0.84347
1.0844,-1.0324
0.2894,-1.2202
0.016056,-1.1563
-0.87464,-0.96121
0.40057,-0.919
-0.57829,-0.35631
0.25946,-0.93411
0.87474,-0.92667
1.1184,-0.34301
0.14459,-1.1687
-0.29981,-0.74627
0.7852,-0.54102
0.1184,-1.3661
0.66371,-1.0599
1.4596,-1.1902
1.4088,-0.27117
0.23666,-0.89614
0.27168,-0.97552
0.88007,-0.812
0.77754,-1.2077
-0.33384,-1.1079
0.0041519,-0.76892
-0.55634,-0.30047
-0.55308,-0.17684
0.71004,-1.5718
1.4436,-0.73153
1.0748,-1.2418
-0.14531,-0.96438
0.31615,-0.88687
-0.091972,-1.3876
-0.29041,-0.78719
1.3115,-0.34294
0.25721,-1.0333
1.3711,-0.11477
0.96259,-0.77967
0.8568,-1.0227
0.55925,-0.97924
0.37987,-1.144
-0.39862,-0.71283
0.64807,-1.0306
-0.43659,-0.29454
0.64447,-1.0145
-0.018566,-0.84072
-0.36563,-1.0595
0.6546,-1.2182
0.25321,-1.2123
0.87096,-0.81945
-0.4594,-0.46372
0.6341,-1.2543
0.22013,-1.1043
1.2131,-0.63322
1.004,-0.81841
1.1465,-1.0522
-0.46286,-0.77913
1.1776,-0.73395
0.32579,-1.1232
1.2551,-0.44406
0.035932,-1.147
0.71537,-0.85658
-0.031859,-1.2386
0.96912,-0.74381
0.71888,-0.79111
0.60389,-0.95352
-0.40264,-0.86512
1.284,-0.55147
0.74447,-0.70685
1.2697,-0.68482
-0.1253,-0.94548
-0.10366,-1.0159
-0.12614,-1.1707
1.0169,-0.67064
0.675,-1.1929
-0.82094,-0.59264
0.1099,-1.0091
0.098432,-0.92458
1.0438,-1.068
0.030739,-1.1125
-0.37598,-0.8924
0.50633,-1.4188
-0.48004,-0.21208
1.2083,-0.70348
0.90439,-0.92317
-1.1332,-0.11661
0.43595,-1.1622
-0.67549,-0.39807
-0.53185,-0.85278
-0.13931,-1.3272
-0.040904,-1.0886
0.98522,-0.98381
-0.44622,-0.58725
-0.58694,-1.0432
1.0306,-0.62649
-0.87263,-0.8367
0.38584,-1.1119
-0.57988,-0.9084
-0.43767,-0.58852
0.29267,-1.3681
0.5285,-0.98767
-0.38106,-1.2362
0.64741,-1.0849
0.035813,-1.121
1.4464,-0.44614
0.69305,-2.0742
1.4005,-0.4167
-0.13129,-1.0696
-0.62366,-0.44521
0.63099,-1.0587
0.17126,-1.6257
-0.77794,-0.25705
-0.60864,-0.60095
1.0748,-0.42953
-0.1623,-0.66244
1.1041,-1.0131
-0.42282,-0.45713
-0.51454,-0.62007
0.94361,-1.2119
1.2976,-0.22046
-0.70505,-0.2565
0.28213,-1.1419
0.94044,-0.70447
0.013421,-1.5407
-0.34987,-0.34684
-0.23612,-1.0037
1.2025,-0.42531
1.0473,-1.1926
-0.64196,-0.40751
-0.2045,-0.78043
-0.3397,-0.79301
0.12653,-1.06
-0.35677,-0.77873
1.1086,-0.69013
-0.20455,-0.88554
0.35718,-1.4837
1.3871,-0.14232
1.0974,-1.0908
-0.83079,-0.080493
0.20375,-1.6374
-0.49422,-0.30908
0.19157,-1.0464
0.85945,-0.99906
-0.62673,-0.83185
-0.28198,-1.0188
1.0274,-0.83631
-0.62712,-1.0304
-0.69843,-0.25488
-0.33555,-0.80868
0.98959,-0.79816
0.55167,-0.21572
1.2241,-0.27827
-0.64722,-0.34699
0.80874,-1.0169
-0.48101,0.18007
0.82732,-0.71134
1.4121,-0.028707
1.3376,-0.42596
-0.28068,-0.48276
1.064,-0.71267
-0.86343,-0.29813
0.83127,-1.0117
-0.68229,-0.53272
1.6193,-0.18275
1.4139,-0.050058
0.25477,-0.95769
0.035403,-0.83403
-0.58947,-0.18348
0.74643,-1.2499
-0.54903,-1.2052
-0.13151,-0.71641
1.471,-0.72608
1.0848,-0.96889
-0.42601,-0.35588
0.48946,-1.2075
1.4979,-0.21108
1.1168,-1.0232
-0.36649,-0.75824
1.2543,-0.40398
-0.18867,-0.89226
0.23937,-1.1387
-0.66004,-0.30113
0.79545,-0.8293
0.32262,-1.1174
0.26829,-1.3296
-0.31873,-0.98925
1.3021,-0.66401
1.5147,-0.66973
-0.16509,-1.225
0.15131,-1.1703
-0.19015,-0.75985
-0.45215,-0.62436
0.65097,-0.94756
0.45845,-1.0159
1.2154,-0.81563
-0.45736,-1.0077
-0.91705,-0.5884
-0.43054,-0.93743
1.1209,-0.86766
1.1661,-0.31471
-0.059816,-0.91498
0.40016,-1.4986
0.77846,-0.83881
1.2532,-0.86325
-0.40421,-0.92461
0.87356,-0.67122
1.2146,-0.40617
-1.2228,-0.39449
-0.27767,-0.66856
0.95831,-0.87177
0.31544,-1.0938
1.314,-0.91075
0.64341,-1.0087
1.2974,-0.2398
1.1939,-0.7086
1.3494,-0.67005
1.6447,-0.26638
-0.50544,-0.82915
0.3449,-1.1101
0.83147,-0.79027
0.27487,-1.256
-0.72527,-0.15838
0.20344,-1.2037
-0.39113,-1.3088
-0.49671,-0.31265
0.81048,-1.1674
1.0264,-0.52606
-0.55678,-0.17052
0.20243,-1.0896
0.6653,-0.96934
0.96762,-1.3051
0.16458,-1.1451
0.37926,-1.1887
0.94984,-0.30423
0.97776,-0.80041
0.5999,-1.4185
0.16156,-0.8256
-0.0015777,-1.1165
0.10211,-1.3205
1.4568,-0.31464
-0.57533,-0.44574
-0.37231,-0.70251
0.57101,-1.1197
-0.40916,-0.31873
0.22511,-1.3209
1.0655,-0.64964
-0.24357,-1.0059
0.58731,-0.97346
0.64253,-1.7151
-0.41634,-1.1491
-0.71977,-0.72709
-0.63566,-0.060794
1.0335,-0.84256
0.073717,-1.1301
1.5157,-0.31737
0.22698,-1.473
0.45536,-0.97461
0.063286,-1.6695
-0.84786,-0.62415
1.4192,-0.34729
-0.58367,-0.64144
-0.52577,-0.40306
1.1426,-0.57984
-0.45407,-1.0302
0.40771,-0.98196
0.81232,-1.0614
-0.37048,-0.41695
1.0991,-0.77223
-0.2108,-0.98144
0.45581,-1.3481
-0.33848,-1.0025
-0.44274,-0.75919
0.78454,-1.2061
-0.4132,-0.64468
0.5083,-1.1159
1.3441,-0.28636
-0.1704,-1.0148
0.56744,-1.1527
-0.29654,-0.75689
0.30277,-1.121
0.084386,-1.5891
-0.42096,-1.1726
-0.6908,-0.30738
1.2429,-0.26176
-0.1299,-0.96421
-0.45866,-0.79135
-0.26632,-0.83393
1.5176,-0.064229
1.0144,-0.25842
0.73487,-1.2523
-0.12541,-1.4096
1.0475,-0.43028
0.55408,-0.98205
0.34827,-0.915
-0.36839,-0.89587
-0.06121,-0.81932
-0.78453,-0.18923
0.91726,-0.8054
1.1384,-0.59494
0.52648,-1.2446
1.1991,-0.44401
-0.66835,-0.12083
0.39406,-1.2233
0.80753,-0.99003
-0.63541,-0.60915
-0.48095,-0.60701
-0.32053,-0.81825
0.82989,-0.89104
-0.91257,-0.76583
0.35683,-1.2425
-0.15478,-0.91773
0.20717,-1.0399
0.90549,-0.8795
-0.43741,-0.67444
0.2511,-1.1503
0.20677,-0.92237
-0.43147,-0.29713
0.30698,-1.1628
-0.83318,-0.74158
0.01367,-1.1121
1.5924,-0.23553
-0.50295,-0.58678
-0.42546,-0.73502
1.3162,-0.97568
0.84985,-0.82241
1.0186,-1.0074
-0.25587,-0.70352
1.1111,-1.2111
-0.87248,-0.43718
0.53528,-1.0635
1.4216,-0.46635
0.42041,-1.037
-0.36647,-1.017
-0.44855,-0.71773
-0.56804,-0.69732
1.217,-0.60053
0.33871,-1.0692
0.12757,-1.0017
0.52866,-1.06
0.44152,-1.3716
0.10558,-0.98339
1.461,-0.34212
1.0873,-0.82066
-0.4901,-0.66771
-0.30551,-0.59859
-0.45117,-1.3584
0.62137,-1.3565
-0.69035,-0.28203
-0.46611,-1.0442
-0.38827,-0.77822
-0.5978,-0.46984
0.21737,-1.0833
-0.58844,-0.61212
0.97691,-0.89185
0.64458,-1.1038
1.0644,-0.84114
0.62252,-1.1133
1.2277,-0.85709
1.0643,-1.1847
-0.32286,-0.90704
-0.1905,-1.049
-0.23721,-1.1772
-0.55679,-1.0031
0.002191,-1.3604
1.1451,-0.92463
1.0936,-0.69827
0.30922,-1.3088
-0.24389,-0.69205
0.78485,-1.4165
-0.19594,-0.95638
1.2248,-1.0071
1.5137,-0.60159
-0.69223,-0.35838
0.491,-1.0399
-0.6163,-0.36574
1.1546,-0.82168
0.32902,-0.94798
1.1889,-0.52621
0.59899,-1.2422
-0.74428,-0.89897
-0.29317,-0.69658
0.48307,-1.0747
0.76301,-1.0642
1.5567,-0.9063
1.0602,-0.98527
0.12868,-1.4124
1.109,-0.62979
-0.47651,-1.2271
-0.70952,-0.25056
-0.3272,-0.93262
-0.54707,-0.75728
-0.077056,-1.1299
1.2619,-0.39503
1.4653,-0.33188
-0.20887,-0.84161
1.5443,-0.40077
1.1416,-0.60417
0.19035,-1.1742
1.3059,-0.30604
-0.21273,-1.2762
0.85078,-0.89173
0.28411,-0.98227
-0.44625,-0.81463
1.2595,-0.96197
1.5729,-0.063404
0.6915,-0.97327
-0.22081,-0.8934
-0.54218,-0.78862
0.040122,-0.73707
0.41647,-1.5927
0.14746,-1.4182
1.5845,-0.31032
-0.24599,-0.57207
0.17137,-1.1403
0.81348,-1.0213
1.052,-0.67108
-0.77266,-0.2525
1.18,-0.7578
0.41408,-1.0849
-0.14875,-0.79686
0.80845,-1.1332
1.4352,-0.76423
1.3905,-0.66938
0.95352,-0.90064
-0.96991,-0.54592
-0.59676,-0.51845
-0.41795,-0.7793
0.19224,-1.1065
-0.34387,-1.4264
-0.5367,-0.95426
-0.52261,-0.93816
-0.7192,-0.67867
-0.11898,-1.4894
-0.43747,-0.3752
0.66691,-1.0573
0.73364,-1.3115
1.3752,-0.59038
-0.11695,-1.5449
-0.53147,-1.5255
1.3046,-0.253
-0.72457,-0.56182
-0.14356,-0.77602
-0.41578,-0.67993
-0.56305,-0.28722
1.0403,-0.768
1.1412,-0.84252
0.66101,-1.1927
0.069548,-1.4494
-0.43697,-0.65012
-0.69336,-0.86143
0.91397,-1.0727
-0.36134,-0.78893
0.42932,-0.86477
1.2444,-0.61986
-0.3772,-0.87811
-0.25315,-1.0284
0.86139,-0.83352
-0.68725,-0.37832
1.0899,-0.17132
0.19569,-1.1948
-0.33664,-0.71515
-0.20991,-0.95726
-0.14888,-0.90127
0.018851,-1.2426
-0.20643,-1.049
